<?xml version="1.0" encoding="UTF-8"?>

<!--Copyright (c) 2012 by Subset Games. All rights reserved.-->
<img x="-35" y="-73" w="303" h="388" />
<offsets>
	<floor x="151" y="194" />
	<cloak x="151" y="194" />
</offsets>
<weaponMounts>
	<mount x="301" y="92" rotate="false" mirror="false" gib="-1" slide="right" />
	<mount x="302" y="271" rotate="false" mirror="false" gib="-1" slide="right" />
	<mount x="51" y="59" rotate="false" mirror="true" gib="-1" slide="up" />
	<mount x="209" y="42" rotate="false" mirror="false" gib="-1" slide="up" />
</weaponMounts>
<explosion />

