<?xml version="1.0" encoding="UTF-8"?>

<!--Copyright (c) 2012 by Subset Games. All rights reserved.-->
<img x="-71" y="-40" w="476" h="427" />
<offsets>
	<floor x="238" y="213" />
	<cloak x="0" y="0" />
</offsets>
<weaponMounts>
	<mount x="404" y="141" rotate="false" mirror="false" gib="-1" slide="right" />
	<mount x="69" y="165" rotate="false" mirror="true" gib="-1" slide="left" />
	<mount x="399" y="355" rotate="false" mirror="false" gib="-1" slide="right" />
	<mount x="97" y="52" rotate="false" mirror="true" gib="-1" slide="up" />
</weaponMounts>
<explosion />

