<?xml version="1.0" encoding="UTF-8"?>

<!--Copyright (c) 2012 by Subset Games. All rights reserved.-->
<img x="-35" y="-35" w="229" h="396" />
<offsets>
	<floor x="114" y="198" />
	<cloak x="-38" y="-49" />
</offsets>
<weaponMounts>
	<mount x="218" y="71" rotate="false" mirror="false" gib="-1" slide="right" />
	<mount x="7" y="103" rotate="false" mirror="true" gib="-1" slide="left" />
	<mount x="222" y="174" rotate="false" mirror="false" gib="-1" slide="right" />
	<mount x="11" y="251" rotate="false" mirror="true" gib="-1" slide="left" />
</weaponMounts>
<explosion />

