<?xml version="1.0" encoding="UTF-8"?>

<!--Copyright (c) 2012 by Subset Games. All rights reserved.-->
<img x="-25" y="-77" w="226" h="311" />
<offsets>
	<floor x="113" y="155" />
	<cloak x="0" y="0" />
</offsets>
<weaponMounts>
	<mount x="199" y="70" rotate="false" mirror="false" gib="-1" slide="up" />
	<mount x="27" y="70" rotate="false" mirror="true" gib="-1" slide="up" />
	<mount x="157" y="70" rotate="false" mirror="true" gib="-1" slide="left" />
	<mount x="69" y="70" rotate="false" mirror="false" gib="-1" slide="right" />
</weaponMounts>
<explosion />

