<?xml version="1.0" encoding="UTF-8"?>

<!--Copyright (c) 2012 by Subset Games. All rights reserved.-->
<img x="-39" y="-60" w="325" h="440" />
<offsets>
	<floor x="162" y="220" />
	<cloak x="162" y="220" />
</offsets>
<weaponMounts>
	<mount x="71" y="95" rotate="false" mirror="true" gib="-1" slide="left" />
	<mount x="123" y="83" rotate="false" mirror="false" gib="-1" slide="up" />
	<mount x="29" y="222" rotate="false" mirror="true" gib="-1" slide="left" />
	<mount x="296" y="139" rotate="false" mirror="false" gib="-1" slide="right" />
</weaponMounts>
<explosion />

