<?xml version="1.0" encoding="UTF-8"?>

<!--Copyright (c) 2012 by Subset Games. All rights reserved.-->
<img x="-45" y="-113" w="405" h="532" />
<offsets>
	<floor x="202" y="266" />
	<cloak x="0" y="0" />
</offsets>
<weaponMounts>
	<mount x="283" y="229" rotate="false" mirror="false" gib="-1" slide="right" />
	<mount x="122" y="229" rotate="false" mirror="true" gib="-1" slide="left" />
	<mount x="309" y="294" rotate="false" mirror="false" gib="-1" slide="right" />
	<mount x="96" y="294" rotate="false" mirror="true" gib="-1" slide="left" />
</weaponMounts>
<explosion />

