<?xml version="1.0" encoding="UTF-8"?>

<!--Copyright (c) 2012 by Subset Games. All rights reserved.-->
<img x="-20" y="-115" w="320" h="400" />
<offsets>
	<floor x="160" y="200" />
	<cloak x="0" y="0" />
</offsets>
<weaponMounts>
	<mount x="95" y="135" rotate="false" mirror="false" gib="-1" slide="right" />
	<mount x="50" y="135" rotate="false" mirror="true" gib="-1" slide="left" />
	<mount x="305" y="205" rotate="false" mirror="false" gib="-1" slide="right" />
	<mount x="15" y="205" rotate="false" mirror="true" gib="-1" slide="left" />
</weaponMounts>
<explosion />

