<?xml version="1.0" encoding="UTF-8"?>

<!--Copyright (c) 2012 by Subset Games. All rights reserved.-->
<img x="-20" y="-29" w="320" h="326" />
<offsets>
	<floor x="160" y="163" />
	<cloak x="0" y="0" />
</offsets>
<weaponMounts>
	<mount x="176" y="23" rotate="false" mirror="false" gib="-1" slide="up" />
	<mount x="144" y="23" rotate="false" mirror="true" gib="-1" slide="up" />
	<mount x="222" y="42" rotate="false" mirror="false" gib="-1" slide="right" />
	<mount x="98" y="42" rotate="false" mirror="true" gib="-1" slide="left" />
	<mount x="300" y="121" rotate="false" mirror="false" gib="-1" slide="right" />
	<mount x="20" y="121" rotate="false" mirror="true" gib="-1" slide="left" />
</weaponMounts>
<explosion />

