<?xml version="1.0" encoding="UTF-8"?>

<!--Copyright (c) 2012 by Subset Games. All rights reserved.-->
<img x="-24" y="-62" w="395" h="328" />
<offsets>
	<floor x="197" y="164" />
	<cloak x="-25" y="-25" />
</offsets>
<weaponMounts>
	<mount x="176" y="85" rotate="false" mirror="false" gib="-1" slide="right" />
	<mount x="116" y="85" rotate="false" mirror="true" gib="-1" slide="left" />
	<mount x="336" y="1" rotate="false" mirror="false" gib="-1" slide="up" />
	<mount x="63" y="1" rotate="false" mirror="true" gib="-1" slide="up" />
</weaponMounts>
<explosion />

