<?xml version="1.0" encoding="UTF-8"?>

<!--Copyright (c) 2012 by Subset Games. All rights reserved.-->
<img x="-37" y="-42" w="424" h="364" />
<offsets>
	<floor x="212" y="182" />
	<cloak x="0" y="0" />
</offsets>
<weaponMounts>
	<mount x="273" y="78" rotate="false" mirror="true" gib="-1" slide="left" />
	<mount x="151" y="78" rotate="false" mirror="false" gib="-1" slide="right" />
	<mount x="413" y="192" rotate="false" mirror="false" gib="-1" slide="right" />
	<mount x="11" y="192" rotate="false" mirror="true" gib="-1" slide="left" />
	<mount x="369" y="36" rotate="false" mirror="false" gib="-1" slide="no" />
	<mount x="55" y="36" rotate="false" mirror="true" gib="-1" slide="no" />
</weaponMounts>
<explosion />

