<?xml version="1.0" encoding="UTF-8"?>

<!--Copyright (c) 2012 by Subset Games. All rights reserved.-->
<img x="-63" y="-98" w="406" h="476" />
<offsets>
	<floor x="203" y="238" />
	<cloak x="0" y="0" />
</offsets>
<weaponMounts>
	<mount x="255" y="76" rotate="false" mirror="true" gib="-1" slide="left" />
	<mount x="151" y="76" rotate="false" mirror="false" gib="-1" slide="right" />
	<mount x="287" y="59" rotate="false" mirror="false" gib="-1" slide="up" />
	<mount x="119" y="59" rotate="false" mirror="true" gib="-1" slide="up" />
</weaponMounts>
<explosion />

