<?xml version="1.0" encoding="UTF-8"?>

<!--Copyright (c) 2012 by Subset Games. All rights reserved.-->
<img x="-67" y="-60" w="414" h="449" />
<offsets>
	<floor x="207" y="224" />
	<cloak x="0" y="0" />
</offsets>
<weaponMounts>
	<mount x="339" y="226" rotate="false" mirror="false" gib="-1" slide="right" />
	<mount x="75" y="226" rotate="false" mirror="true" gib="-1" slide="left" />
	<mount x="248" y="153" rotate="false" mirror="false" gib="-1" slide="right" />
	<mount x="166" y="153" rotate="false" mirror="true" gib="-1" slide="left" />
</weaponMounts>
<explosion />

