<?xml version="1.0" encoding="UTF-8"?>

<!--Copyright (c) 2012 by Subset Games. All rights reserved.-->
<img x="-17" y="-86" w="314" h="383" />
<offsets>
	<floor x="157" y="191" />
	<cloak x="0" y="0" />
</offsets>
<weaponMounts>
	<mount x="253" y="115" rotate="false" mirror="true" gib="-1" slide="left" />
	<mount x="61" y="115" rotate="false" mirror="false" gib="-1" slide="right" />
	<mount x="301" y="121" rotate="false" mirror="false" gib="-1" slide="right" />
	<mount x="13" y="121" rotate="false" mirror="true" gib="-1" slide="left" />
</weaponMounts>
<explosion />

