<?xml version="1.0" encoding="UTF-8"?>

<!--Copyright (c) 2012 by Subset Games. All rights reserved.-->
<img x="-21" y="-19" w="262" h="265" />
<offsets>
	<floor x="131" y="132" />
	<cloak x="-25" y="-25" />
</offsets>
<weaponMounts>
	<mount x="232" y="50" rotate="false" mirror="false" gib="-1" slide="up" />
	<mount x="1" y="82" rotate="false" mirror="true" gib="-1" slide="left" />
	<mount x="260" y="164" rotate="false" mirror="false" gib="-1" slide="right" />
	<mount x="80" y="12" rotate="false" mirror="true" gib="-1" slide="up" />
</weaponMounts>
<explosion />

