<?xml version="1.0" encoding="UTF-8"?>

<!--Copyright (c) 2012 by Subset Games. All rights reserved.-->
<img x="-21" y="-60" w="322" h="300" />
<offsets>
	<floor x="161" y="150" />
	<cloak x="0" y="0" />
</offsets>
<weaponMounts>
	<mount x="227" y="72" rotate="false" mirror="true" gib="-1" slide="up" />
	<mount x="95" y="72" rotate="false" mirror="false" gib="-1" slide="up" />
	<mount x="305" y="140" rotate="false" mirror="false" gib="-1" slide="right" />
	<mount x="17" y="140" rotate="false" mirror="true" gib="-1" slide="left" />
</weaponMounts>
<explosion />

