<?xml version="1.0" encoding="UTF-8"?>

<!--Copyright (c) 2012 by Subset Games. All rights reserved.-->
<img x="-18" y="-84" w="351" h="588" />
<offsets>
	<floor x="175" y="294" />
	<cloak x="175" y="294" />
</offsets>
<weaponMounts>
	<mount x="252" y="69" rotate="false" mirror="false" gib="-1" slide="right" />
	<mount x="99" y="69" rotate="false" mirror="true" gib="-1" slide="left" />
	<mount x="346" y="324" rotate="false" mirror="false" gib="-1" slide="right" />
	<mount x="5" y="324" rotate="false" mirror="true" gib="-1" slide="left" />
	<mount x="175" y="117" rotate="false" mirror="true" gib="-1" slide="no" />
</weaponMounts>
<explosion />

