<?xml version="1.0" encoding="UTF-8"?>

<!--Copyright (c) 2012 by Subset Games. All rights reserved.-->
<img x="-70" y="-18" w="588" h="351" />
<offsets>
	<floor x="64" y="12" />
	<cloak x="-10" y="-10" />
</offsets>
<weaponMounts>
	<mount x="511" y="252" rotate="true" mirror="false" gib="-1" slide="down" />
	<mount x="511" y="99" rotate="true" mirror="true" gib="-1" slide="up" />
	<mount x="260" y="347" rotate="true" mirror="false" gib="-1" slide="down" />
	<mount x="260" y="4" rotate="true" mirror="true" gib="-1" slide="up" />
	<mount x="490" y="175" rotate="true" mirror="false" gib="-1" slide="no" />
</weaponMounts>
<explosion />

