<?xml version="1.0" encoding="UTF-8"?>

<!--Copyright (c) 2012 by Subset Games. All rights reserved.-->
<img x="-102" y="-115" w="621" h="407" />
<offsets>
	<floor x="96" y="109" />
	<cloak x="-20" y="-20" />
</offsets>
<weaponMounts>
	<mount x="550" y="291" rotate="true" mirror="false" gib="-1" slide="down" />
	<mount x="550" y="116" rotate="true" mirror="true" gib="-1" slide="up" />
	<mount x="367" y="379" rotate="true" mirror="false" gib="-1" slide="right" />
	<mount x="367" y="28" rotate="true" mirror="true" gib="-1" slide="right" />
</weaponMounts>
<explosion />

