<?xml version="1.0" encoding="UTF-8"?>

<!--Copyright (c) 2012 by Subset Games. All rights reserved.-->
<img x="-34" y="-112" w="243" h="612" />
<offsets>
	<floor x="121" y="306" />
	<cloak x="0" y="0" />
</offsets>
<weaponMounts>
	<mount x="168" y="202" rotate="false" mirror="false" gib="-1" slide="up" />
	<mount x="75" y="202" rotate="false" mirror="true" gib="-1" slide="up" />
	<mount x="198" y="347" rotate="false" mirror="false" gib="-1" slide="up" />
	<mount x="45" y="347" rotate="false" mirror="true" gib="-1" slide="up" />
	<mount x="232" y="397" rotate="false" mirror="false" gib="-1" slide="right" />
	<mount x="11" y="397" rotate="false" mirror="true" gib="-1" slide="left" />
</weaponMounts>
<explosion />

