<FTL>
<!--
\\\\\\\\\\\\\\\\\\\\\\\\\\\\\\\\\\\\\\\\\\\\\\\\\\\\\\\\\\\\\\\\\\\\\\\\\\\\\\\\\\\\\\\\\\\\\\\\\\\\\\\\\\\\\\\\\\\\\\\\\\\\\\\\\\\\\\
\\\\\\\\\\\\\\\\\\\\\\\\\\\\\\\\\\\\\\\\\\\\\\\\\\\\\\\\\\\\\\\\\\\\\\\\\\\\\\\\\\\\\\\\\\\\\\\\\\\\\\\\\\\\\\\\\\\\\\\\\\\\\\\\\\\\\\
\\\\\\\\\\\\\\\\\\\\\\\\\\\\\\\\\\\\\\\\\\\\\\\\\\\\\\\\\\\\\\\\\\\\\\\\\\\\\\\\\\\\\\\\\\\\\\\\\\\\\\\\\\\\\\\\\\\\\\\\\\\\\\\\\\\\\\
\\\\\\\\\\\\\\\\\\\\\\\\\\\\\\\\\\\\\\\\\\\\\\\\\\\\\\\\\\\\\\\\\\\\\\\\\\\\\\\\\\\\\\\\\\\\\\\\\\\\\\\\\\\\\\\\\\\\\\\\\\\\\\\\\\\\\\
\\\\\\\\\\\\\\\\\\\\\\\\\\\\\\\\\\\\\\\\\\\\\\\\\\\\\\\\\\\\\\\\\\\\\\\\\\\\\\\\\\\\\\\\\\\\\\\\\\\\\\\\\\\\\\\\\\\\\\\\\\\\\\\\\\\\\\
\\\\\\\\\\\\\\\\\\\\\\\\\\\\\\\\\\\\\\\\\\\\\\\\\\\\\\\\\\\\\\\\\\\\\\\\\\\\\\\\\\\\\\\\\\\\\\\\\\\\\\\\\\\\\\\\\\\\\\\\\\\\\\\\\\\\\\
					HERETIC SECTOR
\\\\\\\\\\\\\\\\\\\\\\\\\\\\\\\\\\\\\\\\\\\\\\\\\\\\\\\\\\\\\\\\\\\\\\\\\\\\\\\\\\\\\\\\\\\\\\\\\\\\\\\\\\\\\\\\\\\\\\\\\\\\\\\\\\\\\\
\\\\\\\\\\\\\\\\\\\\\\\\\\\\\\\\\\\\\\\\\\\\\\\\\\\\\\\\\\\\\\\\\\\\\\\\\\\\\\\\\\\\\\\\\\\\\\\\\\\\\\\\\\\\\\\\\\\\\\\\\\\\\\\\\\\\\\
\\\\\\\\\\\\\\\\\\\\\\\\\\\\\\\\\\\\\\\\\\\\\\\\\\\\\\\\\\\\\\\\\\\\\\\\\\\\\\\\\\\\\\\\\\\\\\\\\\\\\\\\\\\\\\\\\\\\\\\\\\\\\\\\\\\\\\
\\\\\\\\\\\\\\\\\\\\\\\\\\\\\\\\\\\\\\\\\\\\\\\\\\\\\\\\\\\\\\\\\\\\\\\\\\\\\\\\\\\\\\\\\\\\\\\\\\\\\\\\\\\\\\\\\\\\\\\\\\\\\\\\\\\\\\
\\\\\\\\\\\\\\\\\\\\\\\\\\\\\\\\\\\\\\\\\\\\\\\\\\\\\\\\\\\\\\\\\\\\\\\\\\\\\\\\\\\\\\\\\\\\\\\\\\\\\\\\\\\\\\\\\\\\\\\\\\\\\\\\\\\\\\
\\\\\\\\\\\\\\\\\\\\\\\\\\\\\\\\\\\\\\\\\\\\\\\\\\\\\\\\\\\\\\\\\\\\\\\\\\\\\\\\\\\\\\\\\\\\\\\\\\\\\\\\\\\\\\\\\\\\\\\\\\\\\\\\\\\\\\
-->

<!--
\\\\\\\\\\\\\\\\\\\\\\\\\\\\\\\\\\\\\\\\\\\\\\\\\\\\\\\\\\\\\\\\\\\\\\\\\\\\\\\\\\\\\\\\\\\\\\\\\\\\\\\\\\\\\\\\\\\\\\\\\\\\\\\\\\\\\\
\\\\\\\\\\\\\\\\\\\\\\\\\\\\\\\\\\\\\\\\\\\\\\\\\\\\\\\\\\\\\\\\\\\\\\\\\\\\\\\\\\\\\\\\\\\\\\\\\\\\\\\\\\\\\\\\\\\\\\\\\\\\\\\\\\\\\\
					EXIT BEACON
\\\\\\\\\\\\\\\\\\\\\\\\\\\\\\\\\\\\\\\\\\\\\\\\\\\\\\\\\\\\\\\\\\\\\\\\\\\\\\\\\\\\\\\\\\\\\\\\\\\\\\\\\\\\\\\\\\\\\\\\\\\\\\\\\\\\\\
\\\\\\\\\\\\\\\\\\\\\\\\\\\\\\\\\\\\\\\\\\\\\\\\\\\\\\\\\\\\\\\\\\\\\\\\\\\\\\\\\\\\\\\\\\\\\\\\\\\\\\\\\\\\\\\\\\\\\\\\\\\\\\\\\\\\\\
-->
<event name="FINISH_BEACON_AEA_NECRO">
	<text id="finish_beacon" />
	<choice hidden="true">
		<text>Explore.</text>
		<event load="EXIT_FILLER_LIST" />
	</choice>
	<choice hidden="true">
		<text>Do something onboard the ship.</text>
		<event load="STORAGE_CHECK" />
	</choice>
	<choice hidden="true">
		<text>Do nothing.</text>
		<event />
	</choice>
</event>

<!--
\\\\\\\\\\\\\\\\\\\\\\\\\\\\\\\\\\\\\\\\\\\\\\\\\\\\\\\\\\\\\\\\\\\\\\\\\\\\\\\\\\\\\\\\\\\\\\\\\\\\\\\\\\\\\\\\\\\\\\\\\\\\\\\\\\\\\\
\\\\\\\\\\\\\\\\\\\\\\\\\\\\\\\\\\\\\\\\\\\\\\\\\\\\\\\\\\\\\\\\\\\\\\\\\\\\\\\\\\\\\\\\\\\\\\\\\\\\\\\\\\\\\\\\\\\\\\\\\\\\\\\\\\\\\\
					ITEM EVENTS ()
\\\\\\\\\\\\\\\\\\\\\\\\\\\\\\\\\\\\\\\\\\\\\\\\\\\\\\\\\\\\\\\\\\\\\\\\\\\\\\\\\\\\\\\\\\\\\\\\\\\\\\\\\\\\\\\\\\\\\\\\\\\\\\\\\\\\\\
\\\\\\\\\\\\\\\\\\\\\\\\\\\\\\\\\\\\\\\\\\\\\\\\\\\\\\\\\\\\\\\\\\\\\\\\\\\\\\\\\\\\\\\\\\\\\\\\\\\\\\\\\\\\\\\\\\\\\\\\\\\\\\\\\\\\\\
-->	
<eventList name="ITEMS_AEA_NECRO">
	<event load="AEA_NECRO_VIRUS_TRAP" />
	<event load="AEA_NECRO_WORTHLESS_JUNK" />
	<event load="AEA_NECRO_FREE_CREW" />
	<event load="AEA_NECRO_WRECK_EXPLODING" />
</eventList>

<event name="AEA_NECRO_VIRUS_TRAP" unique="true">
	<text>You find an abandoned Heretic ship in orbit around a moon. There are absolutely no signs of activity on the ship whatsoever.</text>
	<ship load="SHIP_AEA_NECRO_ALL" hostile="false" />
	<choice hidden="true" blue="false" req="engi_defender" lvl="1" max_group="1">
		<text>Board the ship.</text>
		<event>
			<text>As you board the vessel you discover a gruesome scene, as your Elite Engi examines the scene, they begin to convulse. It appears they touched the body of an Engi Heretic and were infected by some sort of virus, your engi has been replaced by an Elite Engi Heretic.</text>
			<transformRace class="engi_defender">aea_necro_lich</transformRace>
			<choice hidden="true">
				<text>Continue scrapping the ship.</text>
				<event load="DEFUNCT_AEA_NECRO_SALVAGE" />	
			</choice>
		</event>
	</choice>
	<choice hidden="true" blue="false" req="engi" lvl="1" max_group="1">
		<text>Board the ship.</text>
		<event>
			<text>As you board the vessel you discover a gruesome scene, as your Engi examines the scene, they begin to convulse. It appears they touched the body of an Engi Heretic and were infected by some sort of virus, your engi has been replaced by an Engi Heretic.</text>
			<transformRace class="engi">aea_necro_engi</transformRace>
			<choice hidden="true">
				<text>Continue scrapping the ship.</text>
				<event load="DEFUNCT_AEA_NECRO_SALVAGE" />	
			</choice>
		</event>
	</choice>
	<choice hidden="true" blue="false" req="engi_separatist" lvl="1" max_group="1">
		<text>Board the ship.</text>
		<event>
			<text>As you board the vessel you discover a gruesome scene, as your Engi examines the scene, they begin to convulse. It appears they touched the body of an Engi Heretic and were infected by some sort of virus, your engi has been replaced by an Engi Heretic.</text>
			<transformRace class="engi_separatist">aea_necro_engi</transformRace>
			<choice hidden="true">
				<text>Continue scrapping the ship.</text>
				<event load="DEFUNCT_AEA_NECRO_SALVAGE" />	
			</choice>
		</event>
	</choice>
	<choice hidden="true" blue="false" req="engi_separatist_nano" lvl="1" max_group="1">
		<text>Board the ship.</text>
		<event>
			<text>As you board the vessel you discover a gruesome scene, as your Engi examines the scene, they begin to convulse. It appears they touched the body of an Engi Heretic and were infected by some sort of virus, your engi has been replaced by an Engi Heretic.</text>
			<transformRace class="engi_separatist_nano">aea_necro_engi</transformRace>
			<choice hidden="true">
				<text>Continue scrapping the ship.</text>
				<event load="DEFUNCT_AEA_NECRO_SALVAGE" />	
			</choice>
		</event>
	</choice>
	<choice hidden="true" blue="false" req="LIST_CREW_AEA_ENGI_OTHER" lvl="0" max_lvl="0" max_group="1">
		<text>Board the ship.</text>
		<event load="DEFUNCT_AEA_NECRO_SALVAGE" />
	</choice>
	<choice hidden="true">
		<text>Blow the ship up and harvest the remains.</text>
		<event>
			<text>Destroying the ship is going to decrease the yield considerably, but doing so is safer than boarding it.</text>
			<autoReward level="LOW">standard</autoReward>
			<enemyDamage amount="99" />
		</event>
	</choice>
	<choice>
		<text>Avoid the suspicious derelict ship.</text>
		<event>
			<text>You avoid the ship - Separatists have been known to leave viruses behind for unwitting scavengers.</text>
			<choice>
				<text>Do something onboard the ship.</text>
				<event load="STORAGE_CHECK" />
			</choice>
			<choice>
				<text>Do nothing.</text>
				<event />
			</choice>
		</event>
	</choice>
</event>
<eventList name="DEFUNCT_AEA_NECRO_SALVAGE">
	<event>
		<text>The ship being largely intact is a lucrative bounty of scrap and resources. You haul the bounty back to your ship with absolutely no resistance.</text>
		<autoReward level="HIGH">standard</autoReward>
	</event>
	<event>
		<text>The ship being largely intact is a lucrative bounty of scrap and resources. As you scrap the ship, you discover a working drone schematic in the cargo bay.</text>
		<autoReward level="MED">standard_no_item</autoReward>
		<drone name="GIFTLIST_DRONES_NECRO" />
	</event>
</eventList>

<event name="AEA_NECRO_WORTHLESS_JUNK" unique="true">
	<text>You catch the two Separatists on the nearby ship squabbling over something about an augment. You hail them. "Yes, greetings. We have obtained object. Object's purpose is unknown, and our desire to keep it is 0. Please take this [worthless junk] off of our hands."</text>
	<augment name="RANDOM" />
	<choice>
		<text>Do something onboard the ship.</text>
		<event load="STORAGE_CHECK" />
	</choice>
	<choice>
		<text>Do nothing.</text>
		<event />
	</choice>
</event>

<event name="AEA_NECRO_FREE_CREW" unique="true">
	<text>You arrive at the beacon to discover a damaged Heretic vessel adrift in the void, You're hailed by an Engi Heretic. "Renegade, I am in need of [new] vessel, are you in need of [new] crew?"</text>
	<choice hidden="true" req="LIST_CREW_ORGANIC_AEA_NECRO" lvl="0" max_lvl="0" blue="false">
		<text>Accept it onto your ship.</text>
		<event>
			<text>The Engi Heretic inspects your crew as it boards, however it doesn't find any organic crew, satisfyied with your crew it willingly submits to you.</text>
			<crewMember amount="1" class="aea_necro_engi"/>
		</event>
	</choice>
	<choice hidden="true" req="LIST_CREW_ORGANIC_AEA_NECRO" lvl="1" blue="false">
		<text>Accept it onto your ship.</text>
		<event load="AEA_NECRO_FREE_CREW_ORGANIC"/>
	</choice>
	<choice hidden="true">
		<text>Turn down it's offer.</text>
		<event>
			<text>The Engi Heretic seems slightly angry at your refusal, although it appears relieved when it notices an organic crewmember in the background of the feed.</text>
			<choice>
				<text>Do something onboard the ship.</text>
				<event load="STORAGE_CHECK" />
			</choice>
			<choice>
				<text>Do nothing.</text>
				<event />
			</choice>
		</event>
	</choice>
</event>
<eventList name="AEA_NECRO_FREE_CREW_ORGANIC">
	<event>
		<text>As the Engi Heretic boards your vessel it looks over your crew. It notices your organic crew, "[Organics] are disgusting, however the need for a [new] vessel outweighs my contempt for your [disgusting] organics."</text>
		<crewMember amount="1" class="aea_necro_engi"/>
		<choice>
			<text>Continue...</text>
			<event/>
		</choice>
	</event>
	<event>
		<text>As the Engi Heretic boards your vessel it looks over your crew. It notices your organic crew, "[Organics] are disgusting, I will return to my [damaged] vessel."</text>
		<choice>
			<text>Continue...</text>
			<event/>
		</choice>
	</event>
</eventList>


<event name="AEA_NECRO_WRECK_EXPLODING" unique="true">
	<text>You arrive at the beacon to discover the wreck of a large Heretic vessel breaking up under the barrage of asteroids.</text>
	<environment type="asteroid" />
	<ship load="SHIP_AEA_NECRO_ALL" hostile="false"/>
	<status type="limit" target="enemy" system="shields" amount="0" />
	<choice hidden="true">
		<text>Board the ship.</text>
		<event>
			<text>As you board the ship you're constantly reminded of the assualt by asteroids smashing into the hull, the sounds echoing through the empty halls.

You reach a crossroads in the hallway, there probably isn't enough to search all 3 paths. You read the markings above each direction.</text>
			<choice hidden="true">
				<text>Head to the Engineering bay.</text>
				<event>
					<text>You enter the engineering bay, the room is in ruins, however you're able to grab one of the few remaining drones before evacuating back to your own ship.</text>
					<drone name="RANDOM"/>
					<choice>
						<text>Continue...</text>
						<event/>
					</choice>
				</event>
			</choice>
			<choice hidden="true">
				<text>Head to the Bridge.</text>
				<event>
					<text>You enter the bridge of the ship, its evident the crew of this ship have long since fled the dying vessel. You're able to access their computers and download the complete sector map before being forced to retreat.</text>
					<reveal_map />
					<choice>
						<text>Continue...</text>
						<event/>
					</choice>
				</event>
			</choice>
			<choice hidden="true">
				<text>Head to the Cargo hold.</text>
				<event>
					<text>The cargo bay is relatively empty, what catches your eye is a large cage in the corner, inside you find a prisoner, they offer to join your crew if you just let them out.</text>
					<crewMember amount="1" class="RANDOM"/>
					<choice>
						<text>Continue...</text>
						<event/>
					</choice>
				</event>
			</choice>
		</event>
	</choice>
	<choice hidden="true">
		<text>Ignore it.</text>
		<event>
			<text>It's not worth the risk.</text>
			<choice>
				<text>Do something onboard the ship.</text>
				<event load="STORAGE_CHECK" />
			</choice>
			<choice>
				<text>Do nothing.</text>
				<event />
			</choice>
		</event>
	</choice>
</event>

<eventList name="ITEMS_AEA_NECRO_UNIQUE">
	<event load="AEA_NECRO_VIRUS_TRAP" />
	<event load="AEA_NECRO_FREE_CREW" />
	<event load="AEA_NECRO_WRECK_EXPLODING" />

	<event load="AEA_NECRO_ORGANICS_HATE" />
</eventList>

<event name="AEA_NECRO_ORGANICS_HATE" unique="true">
	<text>You've arrive at the beacon to discover a Heretic vessel in orbit nearby. They contact you. "You don't happen to have a test subject do you? We require an organic."</text>
	<choice hidden="true" req="LIST_CREW_ORGANIC_AEA_NECRO" blue="false">
		<text>(Organic Crew) Hand over an organic crewmember for the Engi Heretics to test on.</text>
		<event load="AEA_NECRO_ORGANICS_HATE_LIST"/>
	</choice>
	<choice hidden="true">
		<text>Say you can't help.</text>
		<event>
			<text>The Engi Heretic seems slightly angry at your refusal, although it appears relieved when it notices an organic crewmember in the background of the feed.</text>
			<choice>
				<text>Do something onboard the ship.</text>
				<event load="STORAGE_CHECK" />
			</choice>
			<choice>
				<text>Do nothing.</text>
				<event />
			</choice>
		</event>
	</choice>
</event>

<eventList name="AEA_NECRO_ORGANICS_HATE_LIST">
	<event>
		<text>You turn over your crewmember to the Heretics. After waiting a whilte you're about to demand your crewmember back when the Heretics reach out and tell you they're finished. They quickly send over your crewmember before jumping away.</text>
		<choice>
			<text>Continue...</text>
			<event>
				<text>Your crewmember is acting a little strange, however they also come with a bundle of scrap, so can you really complain.</text>
				<autoReward level="MED">standard_no_item</autoReward>
			</event>
		</choice>
	</event>
	<event>
		<text>You turn over your crewmember to the Heretics. After waiting a whilte you're about to demand your crewmember back when the Heretics reach out and tell you they're finished. They quickly send over your crewmember before jumping away.</text>
		<choice>
			<text>Continue...</text>
			<event>
				<text>It turns out they must have sent over the wrong crewmember, but they're well gone before you can follow up with them.</text>
				<autoReward level="LOW">standard_no_item</autoReward>
				<crewMember amount="1" class="LIST_SLAVES_GREAT"/>
				<removeCrew class="LIST_CREW_ORGANIC_AEA_NECRO">
					<clone>false</clone>
					<text>.</text>
				</removeCrew>
			</event>
		</choice>
	</event>
</eventList>

<!--
\\\\\\\\\\\\\\\\\\\\\\\\\\\\\\\\\\\\\\\\\\\\\\\\\\\\\\\\\\\\\\\\\\\\\\\\\\\\\\\\\\\\\\\\\\\\\\\\\\\\\\\\\\\\\\\\\\\\\\\\\\\\\\\\\\\\\\
\\\\\\\\\\\\\\\\\\\\\\\\\\\\\\\\\\\\\\\\\\\\\\\\\\\\\\\\\\\\\\\\\\\\\\\\\\\\\\\\\\\\\\\\\\\\\\\\\\\\\\\\\\\\\\\\\\\\\\\\\\\\\\\\\\\\\\
					NEUTRAL EVENTS ()
\\\\\\\\\\\\\\\\\\\\\\\\\\\\\\\\\\\\\\\\\\\\\\\\\\\\\\\\\\\\\\\\\\\\\\\\\\\\\\\\\\\\\\\\\\\\\\\\\\\\\\\\\\\\\\\\\\\\\\\\\\\\\\\\\\\\\\
\\\\\\\\\\\\\\\\\\\\\\\\\\\\\\\\\\\\\\\\\\\\\\\\\\\\\\\\\\\\\\\\\\\\\\\\\\\\\\\\\\\\\\\\\\\\\\\\\\\\\\\\\\\\\\\\\\\\\\\\\\\\\\\\\\\\\\
-->	
<eventList name="NEUTRAL_AEA_NECRO">
	<event load="AEA_NECRO_UNION_CHOICE" />
	<event load="AEA_NECRO_HERETIC_MORAL" />
	<event load="AEA_NECRO_BURY_BODIES" />
	<event load="AEA_NECRO_MURDERBOTS" />
	<event load="AEA_NECRO_FLEET_DELAY" />
</eventList>

<event name="AEA_NECRO_UNION_CHOICE" unique="true">
	<text>A Heretic ship is locked in battle with a Union vessel. It appears to be a stalemate, neither ship winning over the other.</text>
	<choice hidden="true">
		<text>Hail the ships.</text>
		<event>
			<text>The Engi Heretics explain that they need the bodies of the humans for their war effort, the Union vessel rebuttals this by explaining that they don't want to die.</text>
			<choice hidden="true">
				<text>Side with the Heretics.</text>
				<event>
					<text>The Union vessel is outraged by your betrayal. The Heretics, glad to have the support pull back to give you room to engage.</text>
					<ship load="SHIP_AEA_NECRO_UNION_CHOICE" hostile="true" />
					<choice hidden="true">
						<text>Continue...</text>
						<event load="MORALITY_UPDATE_UNION_FIGHT" />
					</choice>
				</event>
			</choice>
			<choice hidden="true">
				<text>Side with the civilians.</text>
				<event>
					<text>"Renegade, I hope you're familiar with their tactics, they don't exactly fight fair."</text>
					<ship load="SHIP_AEA_NECRO_ENGI_CHOICE" hostile="true" />
					<choice hidden="true">
						<text>Continue...</text>
						<event load="COMBAT_CHECK" />
					</choice>
				</event>
			</choice>
		</event>
	</choice>
	<choice hidden="true">
		<text>Fly away.</text>
		<event>
			<text>You can hear the shots of the two ships echoing through your comms until you're a safe distance away.</text>
			<choice>
				<text>Do something onboard the ship.</text>
				<event load="STORAGE_CHECK" />
			</choice>
			<choice>
				<text>Do nothing.</text>
				<event />
			</choice>
		</event>
	</choice>
</event>
<event name="AEA_NECRO_UNION_CHOICE_WIN">
	<text>"Success achieved. You proved quite capable of dealing with these organics, perhaps you will accept me onto your ship?" The rest of the Heretics move to dock with the remains of the Union vessel, you shudder to think what they're doing over there.</text>
	<autoReward level="MED">standard</autoReward>
	<crewMember amount="1" class="aea_necro_engi"/>
	<choice>
		<text>Continue...</text>
		<event/>
	</choice>
</event>
<event name="AEA_NECRO_ENGI_CHOICE_WIN">
	<text>"Renegade, we're thankful that you were here to save us, please take this drone as a reward."</text>
	<autoReward level="MED">standard_no_item</autoReward>
	<drone name="RANDOM" />
	<choice>
		<text>Continue...</text>
		<event/>
	</choice>
</event>

<event name="AEA_NECRO_HERETIC_MORAL" unique="true">
	<text>You arrive to find a Heretic vessel positioning itself for an assualt on a nearby settlement. You can hear the leader of the settlement trying to plead with them.

"You are wrong, we require your bodies for the war effort."

"Please, this is all wrong. You don't have to kill us, use drones or something, this is Cruel!"

"We do not understand, why would we create robots to do the job of organics, it is more efficient this way?"

"The role of organics is not to die and be resurrected for your cause, we have lives, families, feelings, we exist outside of your battles. Please, leave us out of this."</text>
	<choice hidden="true">
		<text>Encourage the Engi Heretics to use drones instead.</text>
		<event>
			<text>"But we don't have any, there are plenty of humans right here for use."</text>
			<choice hidden="true" req="BATTLETOG_DEFEND">
				<text>Give them a battle drone.</text>
				<event>
					<text>"Perhaps the organics are right, this may serve our purposes. Perhaps we've been wrong about organics..."</text>
					<remove name="BATTLETOG_DEFEND"/>
					<choice hidden="true">
						<text>Continue...</text>
						<event load="AEA_NECRO_HERETIC_MORAL_REWARD"/>
					</choice>
				</event>
			</choice>
			<choice hidden="true" req="BATTLETOG_BOARDER">
				<text>Give them a battle drone.</text>
				<event>
					<text>"Perhaps the organics are right, this may serve our purposes. Perhaps we've been wrong about organics..."</text>
					<remove name="BATTLETOG_BOARDER"/>
					<choice hidden="true">
						<text>Continue...</text>
						<event load="AEA_NECRO_HERETIC_MORAL_REWARD"/>
					</choice>
				</event>
			</choice>
			<choice hidden="true" req="BATTLETOG2_DEFEND">
				<text>Give them a battle drone mk 2.</text>
				<event>
					<text>"Perhaps the organics are right, this may serve our purposes. Perhaps we've been wrong about organics..."</text>
					<remove name="BATTLETOG2_DEFEND"/>
					<choice hidden="true">
						<text>Continue...</text>
						<event load="AEA_NECRO_HERETIC_MORAL_REWARD2"/>
					</choice>
				</event>
			</choice>
			<choice hidden="true" req="BATTLETOG2_BOARDER">
				<text>Give them a battle drone mk 2.</text>
				<event>
					<text>"Perhaps the organics are right, this may serve our purposes. Perhaps we've been wrong about organics..."</text>
					<remove name="BATTLETOG2_BOARDER"/>
					<choice hidden="true">
						<text>Continue...</text>
						<event load="AEA_NECRO_HERETIC_MORAL_REWARD2"/>
					</choice>
				</event>
			</choice>
			<choice hidden="true">
				<text>Give them directions to the nearest store, where they can buy all the drones they want.</text>
				<event>
					<text>Perhaps you are right, we will try drones before using these organics.</text>
					<choice hidden="true">
						<text>Continue...</text>
						<event>
							<text>The settlement thanks you and offers you a small reward.</text>
							<autoReward level="MED">stuff</autoReward>
							<choice>
								<text>Continue...</text>
								<event/>
							</choice>
						</event>
					</choice>
				</event>
			</choice>
		</event>
	</choice>
	<choice hidden="true" req="LIST_CREW_ORGANIC_AEA_NECRO" blue="false">
		<text>Tell the heretics to do what they need.</text>
		<event>
			<text>"You are right, you also possess organics, we will take them for the cause."</text>
			<ship load="SHIP_AEA_NECRO_FIGHT" hostile="true" />
			<choice hidden="true">
				<text>Continue...</text>
				<event load="COMBAT_CHECK" />
			</choice>
		</event>
	</choice>
	<choice hidden="true" req="LIST_CREW_ORGANIC_AEA_NECRO" lvl="0" max_lvl="0" blue="false">
		<text>Tell the heretics to do what they need.</text>
		<event>
			<text>"You are right, organics are the way forward. Take this [drone] as a token of our support in your own quest against the organics known as the rebels."</text>
			<drone name="GIFTLIST_DRONES_NECRO"/>
			<choice>
				<text>Continue...</text>
				<event/>
			</choice>
		</event>
	</choice>
	<choice>
		<text>Don't get involved.</text>
		<event>
			<text>You try not to listen as the Engi Heretics open up on the settlement.</text>
			<choice>
				<text>Do something onboard the ship.</text>
				<event load="STORAGE_CHECK" />
			</choice>
			<choice>
				<text>Do nothing.</text>
				<event />
			</choice>
		</event>
	</choice>
</event>
<event name="AEA_NECRO_HERETIC_MORAL_REWARD">
	<text>The settlement reaches out to you to profess their gratitude at getting the Engi Heretics to leave peacefully, they offer you a large reward and a drone.</text>
	<autoReward level="MED">standard_no_item</autoReward>
	<drone name="RANDOM" />
	<choice>
		<text>Continue...</text>
		<event/>
	</choice>
</event>
<event name="AEA_NECRO_HERETIC_MORAL_REWARD2">
	<text>The settlement reaches out to you to profess their gratitude at getting the Engi Heretics to leave peacefully, they offer you a large reward and a drone.</text>
	<autoReward level="HIGH">standard_no_item</autoReward>
	<drone name="RANDOM" />
	<choice>
		<text>Continue...</text>
		<event/>
	</choice>
</event>

<event name="AEA_NECRO_BURY_BODIES">
	<text>A ship floats by the beacon, it appears heavily damaged, some of the scorch marks are still hot.</text>
	<choice hidden="true">
		<text>Board the ship.</text>
		<event>
			<text>You do a quick search of the ship, you find the crew, they're all dead. Who ever did this was certainly determined to kill them all.</text>
			<choice hidden="true">
				<text>Give the bodies a proper burial on a nearby planet.</text>
				<event>
					<text>As you're burying the bodies a large Heretic vessel appears nearby, they spot you and what you're doing.
			
"Those are ours, we'll have to take yours instead."</text>
					<ship load="SHIP_AEA_NECRO_GENERIC" hostile="true" />
					<choice hidden="true">
						<text>Continue...</text>
						<event load="COMBAT_CHECK" />
					</choice>
				</event>
			</choice>
			<choice hidden="true">
				<text>Ignore the bodies.</text>
				<event>
					<text>You recieve word from your crew back on your ship, returning to the ship you find a Heretic vessel bearing down on you.

"Those organics are ours, leave them to us."</text>
					<ship load="SHIP_AEA_NECRO_FIGHT" hostile="false" />
					<choice hidden="true">
						<text>Attack the ship.</text>
						<event>
							<text>The crew of the ship may not be alive to see it, but you'll avenge them anyway.</text>
							<ship hostile="true" />
							<choice hidden="true">
								<text>Continue...</text>
								<event load="COMBAT_CHECK" />
							</choice>
						</event>
					</choice>
					<choice hidden="true">
						<text>Explain that you had no intentions of touching the bodies.</text>
						<event>
							<text>"Good, we only want the organics, you may have anything else." You're able to loot the vessel after the Heretics take their prizes.</text>
							<autoReward level="LOW">standard_no_item</autoReward>
							<choice>
								<text>Continue...</text>
								<event/>
							</choice>
						</event>
					</choice>
				</event>
			</choice>
		</event>
	</choice>
	<choice hidden="true">
		<text>Fly away.</text>
		<event>
			<text>You're not going to get involved with whatever is happening with that ship.</text>
			<choice>
				<text>Do something onboard the ship.</text>
				<event load="STORAGE_CHECK" />
			</choice>
			<choice>
				<text>Do nothing.</text>
				<event />
			</choice>
		</event>
	</choice>
</event>

<event name="AEA_NECRO_MURDERBOTS" unique="true">
	<text>A Separatist ship floats around nearby, slowly distancing itself from you. You're somewhat baffled that quick scans show no crew aboard, but the ship seems fully functional and responsive.</text>
	<ship load="SHIP_SEPARATIST_NANOCLOUD" hostile="false" /> 
	<choice hidden="true">
		<text>Attack.</text>
		<event>
			<text>The mystery of the ship doesn't matter to you. The only thing on your mind is the reward of blowing it up.</text>
			<ship hostile="true" /> 
			<choice hidden="true">
				<text>Continue...</text>
				<event load="COMBAT_CHECK" />
			</choice>
		</event>
	</choice>
	<choice hidden="true">
		<text>Try to communicate.</text>
		<event>
			<text>You try to reach out, but every time the ship picks up all you can hear is a faint buzzing noise.</text>
			<choice hidden="true">
				<text>Attack.</text>
				<event>
					<text>The mystery of the ship doesn't matter to you. The only thing on your mind is the reward of blowing it up.</text>
					<ship hostile="true" /> 
					<choice hidden="true">
						<text>Continue...</text>
						<event load="COMBAT_CHECK" />
					</choice>
				</event>
			</choice>
			<choice hidden="true">
				<text>Ignore the ship.</text>
				<event>
					<text>You've lost interest in the mystery, and prepare to move on.</text>
					<choice>
						<text>Do something onboard the ship.</text>
						<event load="STORAGE_CHECK" />
					</choice>
					<choice>
						<text>Do nothing.</text>
						<event />
					</choice>
				</event>
			</choice>
		</event>
	</choice>
	<choice hidden="true" req="LIST_CREW_SLUG">
		<text>(Slug Crew) Try to detect life signs.</text>
		<event>
			<text>Your Slug tries to sense some form of intelligence aboard the enemy ship. They detect faint signs of potential life, but it's near impossible for them to tell.</text>
			<choice hidden="true">
				<text>Attack.</text>
				<event>
					<text>The mystery of the ship doesn't matter to you. The only thing on your mind is the reward of blowing it up.</text>
					<ship hostile="true" /> 
					<choice hidden="true">
						<text>Continue...</text>
						<event load="COMBAT_CHECK" />
					</choice>
				</event>
			</choice>
			<choice hidden="true">
				<text>Ignore the ship.</text>
				<event>
					<text>You've lost interest in the mystery, and prepare to move on.</text>
					<choice>
						<text>Do something onboard the ship.</text>
						<event load="STORAGE_CHECK" />
					</choice>
					<choice>
						<text>Do nothing.</text>
						<event />
					</choice>
				</event>
			</choice>
		</event>
	</choice>
	<choice hidden="true" req="BLUELIST_CREW_SNAIL">
		<text>(Telepathic Shell) Try to detect life signs.</text>
		<event>
			<text>Your Shell tries to sense some form of intelligence aboard the enemy ship. They detect faint signs of potential life, but it's near impossible for them to tell.</text>
			<choice hidden="true">
				<text>Attack.</text>
				<event>
					<text>The mystery of the ship doesn't matter to you. The only thing on your mind is the reward of blowing it up.</text>
					<ship hostile="true" /> 
					<choice hidden="true">
						<text>Continue...</text>
						<event load="COMBAT_CHECK" />
					</choice>
				</event>
			</choice>
			<choice hidden="true">
				<text>Ignore the ship.</text>
				<event>
					<text>You've lost interest in the mystery, and prepare to move on.</text>
					<choice>
						<text>Do something onboard the ship.</text>
						<event load="STORAGE_CHECK" />
					</choice>
					<choice>
						<text>Do nothing.</text>
						<event />
					</choice>
				</event>
			</choice>
		</event>
	</choice>
	<choice hidden="true">
		<text>Ignore the ship.</text>
		<event>
			<text>You have no desire to deal with the ship.</text>
			<choice>
				<text>Do something onboard the ship.</text>
				<event load="STORAGE_CHECK" />
			</choice>
			<choice>
				<text>Do nothing.</text>
				<event />
			</choice>
		</event>
	</choice>
</event>

<event name="AEA_NECRO_FLEET_DELAY" unique="true">
	<text>A Heretic vessel hails you. "Your situation with the fleet is known. We have: proposition. Help us with killing hostile ship, and we will delay fleet."</text>
	<choice hidden="true">
		<text>Listen to their offer.</text>
		<event>
			<text>"Rebel Auto-ships, although not organic, it is controlled by the organics. It is proving annoying to deal with. Will you help?"</text>
			<choice hidden="true">
				<text>Agree to kill the Auto-ship.</text>
				<event>
					<text>The Heretics lead you to the location of the Auto-ship.</text>
					<ship load="SHIP_AUTO_AEA_NECRO" hostile="true" />
					<choice hidden="true">
						<text>Continue...</text>
						<event load="COMBAT_CHECK" />
					</choice>
				</event>
			</choice>
			<choice hidden="true">
				<text>Refuse their offer.</text>
				<event>
					<text>"I am -dissatisfied- with your response, but I will tolerate it. Try not to die, Captain."</text>
					<choice>
						<text>Do something onboard the ship.</text>
						<event load="STORAGE_CHECK" />
					</choice>
					<choice>
						<text>Do nothing.</text>
						<event />
					</choice>
				</event>
			</choice>
		</event>
	</choice>
	<choice hidden="true">
		<text>No thanks.</text>
		<event>
			<text>"Disapointing. Try not to die."</text>
			<choice>
				<text>Do something onboard the ship.</text>
				<event load="STORAGE_CHECK" />
			</choice>
			<choice>
				<text>Do nothing.</text>
				<event />
			</choice>
		</event>
	</choice>
</event>
<event name="AEA_NECRO_FLEET_DELAY_WIN">
	<text>"Very good. Now for your compensation. Please do not move your [ship]." The Heretics run a scan over your vessel, giving you a tingly feeling all over your body. The Heretics hail you again, this time looking very similar to you. "My job is less than 100%, but it will work for now. I have masked your jump signature. The fleet will now follow me. Good day."</text>
	<modifyPursuit amount="-2" />
</event>
<event name="AEA_NECRO_FLEET_DELAY_LOSE">
	<text>"You have failed. Do not attempt to communicate with us again."</text>
</event>

<eventList name="NEUTRAL_AEA_NECRO_UNIQUE"> <!--TODO CREATE UNIQUE NEUTRAL EVENTS-->
	<event load="AEA_NECRO_UNION_CHOICE" />
	<event load="AEA_NECRO_HERETIC_MORAL" />
	<event load="AEA_NECRO_BURY_BODIES" />
	<event load="AEA_NECRO_MURDERBOTS" />
	<event load="AEA_NECRO_FLEET_DELAY" />
</eventList>

<!--
\\\\\\\\\\\\\\\\\\\\\\\\\\\\\\\\\\\\\\\\\\\\\\\\\\\\\\\\\\\\\\\\\\\\\\\\\\\\\\\\\\\\\\\\\\\\\\\\\\\\\\\\\\\\\\\\\\\\\\\\\\\\\\\\\\\\\\
\\\\\\\\\\\\\\\\\\\\\\\\\\\\\\\\\\\\\\\\\\\\\\\\\\\\\\\\\\\\\\\\\\\\\\\\\\\\\\\\\\\\\\\\\\\\\\\\\\\\\\\\\\\\\\\\\\\\\\\\\\\\\\\\\\\\\\
					DISTRESS EVENTS ()
\\\\\\\\\\\\\\\\\\\\\\\\\\\\\\\\\\\\\\\\\\\\\\\\\\\\\\\\\\\\\\\\\\\\\\\\\\\\\\\\\\\\\\\\\\\\\\\\\\\\\\\\\\\\\\\\\\\\\\\\\\\\\\\\\\\\\\
\\\\\\\\\\\\\\\\\\\\\\\\\\\\\\\\\\\\\\\\\\\\\\\\\\\\\\\\\\\\\\\\\\\\\\\\\\\\\\\\\\\\\\\\\\\\\\\\\\\\\\\\\\\\\\\\\\\\\\\\\\\\\\\\\\\\\\
-->
<eventList name="DISTRESS_AEA_NECRO">
	<event load="DISTRESS_AEA_NECRO_PIRATE" />
	<event load="DISTRESS_AEA_NECRO_ZOMBIE_PLANET" />
	<event load="DISTRESS_AEA_NECRO_TRAP_BEACON" />
</eventList>

<event name="DISTRESS_AEA_NECRO_PIRATE" unique="true">
	<distressBeacon />
	<text>You locate the distress beacon, it belongs to a small escape capsule, piloted by an Engi Heretic. "Organics have taken control of my [ship], we did not realize they were still alive, or else we would not have brought them onboard."</text>
	<ship load="SHIP_AEA_NECRO_PIRATE" hostile="false" />
	<choice>
		<text>Assist the Heretic.</text>
		<event>
			<text>You approach the occupied vessel. "Glad to hear. Don't destroy [it]."</text>
			<ship hostile="true" />
			<choice hidden="true">
				<text>Continue...</text>
				<event load="COMBAT_CHECK" />
			</choice>
		</event>
	</choice>
	<choice>
		<text>Don't get involved.</text>
		<event>
			<text>The Heretic seems annoyed and disconnects immediately.</text>
			<choice>
				<text>Do something onboard the ship.</text>
				<event load="STORAGE_CHECK" />
			</choice>
			<choice>
				<text>Do nothing.</text>
				<event />
			</choice>
		</event>    
	</choice>
</event>
<eventList name="DISTRESS_AEA_NECRO_PIRATE_DESTROYED">
		<event>
			<text>"Wow. [You're] a real jerk, aren't you? What am I supposed [to] do now?" The Heretic ends the communication in a huff.</text>
			<event />
		</event>
		<event>
			<text>"You've destroyed my [property]. I -will- have my revenge." .</text>
			<boarders min="1" max="1" class="aea_necro_engi" />
		</event>
</eventList>

<event name="DISTRESS_AEA_NECRO_ZOMBIE_PLANET" unique="true">
	<distressBeacon/>
	<text>Unusual for a Engi Heretic sector, there appears to be a populated planet here. The distress beacon is coming from a Heretic ship in orbit over it.</text>
	<img planet="PLANET_POPULATED_SMALL" />
	<choice hidden="true">
		<text>Contact them.</text>
		<event>
			<text>"Captain, we believe you may be able to assist us, we were attempting to resurrect the entire population, however something has gone wrong and we've lost control of the organics, please fix this"</text>
			<ship load="SHIP_AEA_NECRO_GENERIC" hostile="false"/>
			<choice hidden="true" req="mind">
				<text>(Mind Control) Return the population to the control of the Engi Heretic.</text>
				<event>
					<text>You use your mind control system to bring them all back under control of the Engi Heretic.</text>
					<choice hidden="true">
						<text>Continue...</text>
						<event load="AEA_NECRO_ZOMBIE_REWARD"/>
					</choice>
				</event>
			</choice>
			<choice hidden="true" req="LIST_CREW_ENGI">
				<text>(Engi Crew) Head down to the planet and Interface with the nano-bots.</text>
				<event>
					<text>Your Engi is able to interface with the nano-bots on the surface and bring them under control of the Engi Heretic again.</text>
					<choice hidden="true">
						<text>Continue...</text>
						<event load="AEA_NECRO_ZOMBIE_REWARD"/>
					</choice>
				</event>
			</choice>
			<choice hidden="true" req="hacking">
				<text>(Hacking) Hack the nano bots and return control to the Engi Heretic.</text>
				<event>
					<text>You're able to hack into the nano-bot system and elimate the function that inadvertently took control from the Engi Heretic.</text>
					<choice hidden="true">
						<text>Continue...</text>
						<event load="AEA_NECRO_ZOMBIE_REWARD"/>
					</choice>
				</event>
			</choice>
			<choice hidden="true" req="medbay">
				<text>(Medbay) Cure the population.</text>
				<event>
					<text>You're able to use your medbay to synthasize a cure to the affliction of the people on the surface of the planet.</text>
					<choice hidden="true">
						<text>Continue...</text>
						<event load="AEA_NECRO_ZOMBIE_FAILURE"/>
					</choice>
				</event>
			</choice>
			<choice hidden="true" req="BOMB_HEAL">
				<text>(Medical Bomb) Cure the population.</text>
				<event>
					<text>You're able to use your medical bomb to synthasize a cure to the affliction of the people on the surface of the planet.</text>
					<choice hidden="true">
						<text>Continue...</text>
						<event load="AEA_NECRO_ZOMBIE_FAILURE"/>
					</choice>
				</event>
			</choice>
			<choice hidden="true" req="LIST_CREW_MEDICAL">
				<text>(Medical Crew) Cure the population.</text>
				<event>
					<text>Your medical crew are able to synthasize a cure to the affliction of the people on the surface of the planet.</text>
					<choice hidden="true">
						<text>Continue...</text>
						<event load="AEA_NECRO_ZOMBIE_FAILURE"/>
					</choice>
				</event>
			</choice>
			<choice hidden="true">
				<text>You can't help.</text>
				<event>
					<text>The Engi Heretic is disapointed, but goes back to watching the planet.</text>
					<choice>
						<text>Do something onboard the ship.</text>
						<event load="STORAGE_CHECK" />
					</choice>
					<choice>
						<text>Do nothing.</text>
						<event />
					</choice>
				</event>
			</choice>
		</event>
	</choice>
</event>
<event name="AEA_NECRO_ZOMBIE_REWARD">
	<text>"Excellent work Captain, Here's your reward for a job well done." The Engi Heretic turns back to continue monitoring the planet.</text>
	<autoReward level="MED">standard</autoReward>
</event>
<event name="AEA_NECRO_ZOMBIE_FAILURE">
	<text>"What is the meaning of this, is this some kind of trick! Prepare to die for your betrayal!" It appears the Engi Heretic didn't take you destroying their planet of zombies well.</text>
	<ship hostile="true"/>
	<choice>
		<text>Continue...</text>
		<event load="COMBAT_CHECK"/>
	</choice>
</event>

<event name="DISTRESS_AEA_NECRO_TRAP_BEACON" unique="true">
	<distressBeacon />
	<text load="TEXT_DISTRESS_AEA_NECRO_TRAP_BEACON" />
	<ship load="SHIP_AEA_NECRO_FIGHT" hostile="true" />
	<choice hidden="true">
		<text>Continue...</text>
		<event load="COMBAT_CHECK" />
	</choice>
</event>
<textList name="TEXT_DISTRESS_AEA_NECRO_TRAP_BEACON">
	<text>The ship projecting the distress beacon is a Heretic ship, they hail you. "You organics always fall for it, prepare to die and become my vassal!" It appears you've falled for the Heretic's trap.</text>
	<text>"Captain, you should have [known] this was a fake distress beacon. The differing micro-oscillations and gamma node frequencies are a -dead- giveaway. Only an organic would miss something so obvious, prepare to become my [slave]!"</text>
</textList>

<eventList name="DISTRESS_AEA_NECRO_UNIQUE"> <!--TODO CREATE UNIQUE DISTRESS OR TWO-->
	<event load="DISTRESS_AEA_NECRO_PIRATE" />
	<event load="DISTRESS_AEA_NECRO_ZOMBIE_PLANET" />
	<event load="DISTRESS_AEA_NECRO_TRAP_BEACON" />
</eventList>

<event name="DISTRESS_AEA_NECRO_WHAT">
</event>

<!--
\\\\\\\\\\\\\\\\\\\\\\\\\\\\\\\\\\\\\\\\\\\\\\\\\\\\\\\\\\\\\\\\\\\\\\\\\\\\\\\\\\\\\\\\\\\\\\\\\\\\\\\\\\\\\\\\\\\\\\\\\\\\\\\\\\\\\\
\\\\\\\\\\\\\\\\\\\\\\\\\\\\\\\\\\\\\\\\\\\\\\\\\\\\\\\\\\\\\\\\\\\\\\\\\\\\\\\\\\\\\\\\\\\\\\\\\\\\\\\\\\\\\\\\\\\\\\\\\\\\\\\\\\\\\\
					QUEST EVENTS ()
\\\\\\\\\\\\\\\\\\\\\\\\\\\\\\\\\\\\\\\\\\\\\\\\\\\\\\\\\\\\\\\\\\\\\\\\\\\\\\\\\\\\\\\\\\\\\\\\\\\\\\\\\\\\\\\\\\\\\\\\\\\\\\\\\\\\\\
\\\\\\\\\\\\\\\\\\\\\\\\\\\\\\\\\\\\\\\\\\\\\\\\\\\\\\\\\\\\\\\\\\\\\\\\\\\\\\\\\\\\\\\\\\\\\\\\\\\\\\\\\\\\\\\\\\\\\\\\\\\\\\\\\\\\\\
-->
<eventList name="QUESTS_AEA_NECRO">
	<event load="QUEST_AEA_NECRO_ELITE" />
</eventList>

<event name="QUEST_AEA_NECRO_ELITE" unique="true">
	<text>A squadron of Heretic ships have assembled at this beacon. They aren't immediately attacking you, their weapons aren't even online.</text>
	<choice hidden="true">
		<text>Hail them.</text>
		<event>
			<text>"Request for contact received. Timing is fortunate. We have an offer for you. Current objective: Eliminate the organics outpost. Organics have setup a powerful defense system to protect their outpost. Beware of asteroid field, previous attempts have [failed] when entering field and suddenly finding their [shields] offline."

"We will give an extra reward if you manage to keep the outpost intact."
			.</text>
			<choice hidden="true">
				<text>Agree.</text>
				<event>
					<text>The Engi transmit the location of the outpost.</text>
					<quest event="QUEST_AEA_NECRO_ELITE_QUEST" />
				</event>
			</choice>
			<choice hidden="true">
				<text>Deny their request.</text>
				<event>
					<text>The Engi immediately end transmissions and will not respond to further hails.</text>
				</event>
			</choice>
		</event>
	</choice>
	<choice hidden="true">
		<text>Ignore them.</text>
		<event>
			<text>The Heretic ships don't appear to be disturbed by your presence, and you leave them alone.</text>
			<choice>
				<text>Do something onboard the ship.</text>
				<event load="STORAGE_CHECK" />
			</choice>
			<choice>
				<text>Do nothing.</text>
				<event />
			</choice>
		</event>
	</choice>
</event>
<event name="QUEST_AEA_NECRO_ELITE_QUEST">
	<beaconType id="map_icon_quest" global="true">
		<color r="69" g="168" b="235" a="1" />
		<unvisitedTooltip>The pirate outpost you're tasked with clearing out by the Heretics.</unvisitedTooltip>
	</beaconType>
	<environment type="asteroid" />
	<status type="limit" target="player" system="shields" amount="0" />
	<text>As you arrive to the beacon you find yourself in a massive asteroid field. Not a moment later your shields begin to go down. You've been hacked. Your crew tells you it will only take 15 seconds to bring them back online, but you'll have to survive the asteroid field until then.</text>
    
	<choice hidden="true" req="ANTI_VIRUS">
		<text>(Anti-Virus) Restore your shields.</text>
		<event>
			<text>Your shield system is restored to full power.</text>
			<status type="clear" target="player" system="shields" amount="100" />
			<choice hidden="true">
				<text>Continue...</text>
				<event load="QUEST_AEA_NECRO_ELITE_CONTINUE" />
			</choice>
		</event>
	</choice>
	<choice hidden="true" req="hacking">
		<text>(Hacking) Restore your shields.</text>
		<event>
			<text>Your shield system is restored to full power.</text>
			<status type="clear" target="player" system="shields" amount="100" />
			<choice hidden="true">
				<text>Continue...</text>
				<event load="QUEST_AEA_NECRO_ELITE_CONTINUE" />
			</choice>
		</event>
	</choice>
	<choice hidden="true">
		<text>Continue...</text>
		<event>
			<text>With no other choice your crew prepares to deal with the asteroid impacts.</text>
			<triggeredEvent event="QUEST_AEA_NECRO_ELITE_CONTINUE" time="15" clearOnJump="true">
				<triggeredEventBox load="DEFAULT_SMALL" pos="combat">
					<tooltip>Restoring shield system...</tooltip>
					</triggeredEventBox>
				<timerSounds load="DEFAULT_TIMER_SOUNDS" />
			</triggeredEvent>
			<choice>
				<text>Continue...</text>
				<event/>
			</choice>
		</event>
	</choice>
</event>
<event name="QUEST_AEA_NECRO_ELITE_CONTINUE">
	<text>With your shield system restored you push on towards the pirate outpost. As you get closer you realize this isn't any normal station, instead it appears the pirates have gotten their hands on a specialized militia platform equipped with a large weapon. This isn't going to be an easy fight.</text>
	<ship load="SHIP_AEA_NECRO_PIRATE_PLATFORM" hostile="true"/>
	<status type="clear" target="player" system="shields" amount="100" />
	<choice>
		<text>Prepare to fight!.</text>
		<event load="COMBAT_CHECK"/>
	</choice>
</event>

<eventList name="QUESTS_AEA_NECRO_UNIQUE">
	<event load="QUEST_AEA_NECRO_ELITE" />
</eventList>

<!--
\\\\\\\\\\\\\\\\\\\\\\\\\\\\\\\\\\\\\\\\\\\\\\\\\\\\\\\\\\\\\\\\\\\\\\\\\\\\\\\\\\\\\\\\\\\\\\\\\\\\\\\\\\\\\\\\\\\\\\\\\\\\\\\\\\\\\\
\\\\\\\\\\\\\\\\\\\\\\\\\\\\\\\\\\\\\\\\\\\\\\\\\\\\\\\\\\\\\\\\\\\\\\\\\\\\\\\\\\\\\\\\\\\\\\\\\\\\\\\\\\\\\\\\\\\\\\\\\\\\\\\\\\\\\\
					HOSTILE EVENTS ()
\\\\\\\\\\\\\\\\\\\\\\\\\\\\\\\\\\\\\\\\\\\\\\\\\\\\\\\\\\\\\\\\\\\\\\\\\\\\\\\\\\\\\\\\\\\\\\\\\\\\\\\\\\\\\\\\\\\\\\\\\\\\\\\\\\\\\\
\\\\\\\\\\\\\\\\\\\\\\\\\\\\\\\\\\\\\\\\\\\\\\\\\\\\\\\\\\\\\\\\\\\\\\\\\\\\\\\\\\\\\\\\\\\\\\\\\\\\\\\\\\\\\\\\\\\\\\\\\\\\\\\\\\\\\\
-->
<eventList name="HOSTILE_AEA_NECRO">
	<event load="ENCOUNTER_AEA_NECRO" />
	<event load="ENCOUNTER_AEA_NECRO" />
	<event load="ENCOUNTER_ENGI_AEA_NECRO" />
	<event load="ENCOUNTER_REBEL_AUTO_AEA_NECRO" />
	<event load="ENCOUNTER_ZOLTAN_AUTO_AEA_NECRO" />
</eventList>

<event name="ENCOUNTER_AEA_NECRO">
	<text load="TEXT_ENCOUNTER_AEA_NECRO" />
	<ship load="SHIP_AEA_NECRO_FIGHT" hostile="true" /> 
	<choice hidden="true">
		<text>Continue...</text>
		<event load="COMBAT_CHECK" />
	</choice>
</event>
<textList name="TEXT_ENCOUNTER_AEA_NECRO">
	<text>A short screech plays over the comms followed by a looping message of binary. You don't have time to translate before a Heretic Ship fires a warning shot that ricochets off your defenses.</text>
	<text>A strangely verbose Engi hails you. "Unfortunate time of encounter, -Federation- ship. I appear to have [damaged] the part of my system that encodes for reason and logic, and now have the burning desire to kill."</text>
	<text>An enraged Separatist hails you. "Problem: You have -accidentally- stepped on lifelong friend of [mine] in microscopic state. Solution: die."</text>
	<text>Though Separatists usually avoid other ships, the one at this beacon appears to be in critical condition, and in desperate need of scrap.</text>
	<text>A Separatist ship moves in to attack. You aren't sure how you angered them, but it no longer matters.</text>
	<text>You're hailed by a Separatist ship, who begins to speak a great deal about the works of some dead guy named Shakespeare. He suddenly stops his speech abruptly and attacks!.</text>
</textList>

<event name="ENCOUNTER_ENGI_AEA_NECRO" unique="true">
	<text>A Heretic ship orbits the beacon, but before you can contact them they jump away and a Separatist ship approaches. "Captain, those Heretics were pushed out of the Separatists for a reason, they are dangerous, you are therefor dangerous, you must be dealt with aswell."</text>
	<ship load="SHIP_SEPARATIST_FIGHT" hostile="true" /> 
	<choice hidden="true">
		<text>Continue...</text>
		<event load="COMBAT_CHECK" />
	</choice>
</event>

<event name="ENCOUNTER_REBEL_AUTO_AEA_NECRO" unique="true">
	<text>"We suggest you avoid the Auto-ship. It is broken." You notice the Separatist ship that hailed you hiding behind some large asteroids, as well as the Rebel Auto-ship barreling towards you!.</text>
	<ship load="SHIP_REBEL_AUTO_FIGHT_AEA_NECRO" hostile="true" /> 
	<choice hidden="true">
		<text>Continue...</text>
		<event load="COMBAT_CHECK" />
	</choice>
</event>
<event name="ENCOUNTER_REBEL_AUTO_AEA_NECRO_KILL">
	<text>The Separatists let out something that sounds like a robotic laugh. "Good, I see why others get much [enjoyment] out of watching gladiatorial combat." They jump away, leaving you with the wreck of the Auto-ship.</text>
	<autoReward level="LOW">standard</autoReward>
</event>

<event name="ENCOUNTER_ZOLTAN_AUTO_AEA_NECRO" unique="true">
	<text>You arrive at the beacon to be unexpectedly confronted by a Zoltan Auto-ship, it seems like it's been infected by some sort of virus becuase it's about to open up on you.</text>
	<ship load="SHIP_ZOLTAN_AUTO_FIGHT_AEA_NECRO" hostile="true" /> 
	<choice hidden="true">
		<text>Continue...</text>
		<event load="COMBAT_CHECK" />
	</choice>
</event>

<eventList name="HOSTILE_AEA_NECRO_UNIQUE">
	<event load="ENCOUNTER_AEA_NECRO" />
	<event load="ENCOUNTER_AEA_NECRO" />
	<event load="ENCOUNTER_ENGI_AEA_NECRO" />
	<event load="ENCOUNTER_REBEL_AUTO_AEA_NECRO" />
	<event load="ENCOUNTER_ZOLTAN_AUTO_AEA_NECRO" />
</eventList>

<!--
\\\\\\\\\\\\\\\\\\\\\\\\\\\\\\\\\\\\\\\\\\\\\\\\\\\\\\\\\\\\\\\\\\\\\\\\\\\\\\\\\\\\\\\\\\\\\\\\\\\\\\\\\\\\\\\\\\\\\\\\\\\\\\\\\\\\\\
\\\\\\\\\\\\\\\\\\\\\\\\\\\\\\\\\\\\\\\\\\\\\\\\\\\\\\\\\\\\\\\\\\\\\\\\\\\\\\\\\\\\\\\\\\\\\\\\\\\\\\\\\\\\\\\\\\\\\\\\\\\\\\\\\\\\\\
					UNIQUE EVENTS
\\\\\\\\\\\\\\\\\\\\\\\\\\\\\\\\\\\\\\\\\\\\\\\\\\\\\\\\\\\\\\\\\\\\\\\\\\\\\\\\\\\\\\\\\\\\\\\\\\\\\\\\\\\\\\\\\\\\\\\\\\\\\\\\\\\\\\
\\\\\\\\\\\\\\\\\\\\\\\\\\\\\\\\\\\\\\\\\\\\\\\\\\\\\\\\\\\\\\\\\\\\\\\\\\\\\\\\\\\\\\\\\\\\\\\\\\\\\\\\\\\\\\\\\\\\\\\\\\\\\\\\\\\\\\
-->
<event name="HARMONY_LINK_AEA_NECRO" unique="true">
	<preventQuest />
	<beaconType id="map_icon_link" global="false">
		<color r="137" g="142" b="148" a="1.0" />
		<unvisitedTooltip>This is the location of a Harmony Link.</unvisitedTooltip>
		<visitedTooltip>This is the location of a Harmony Link.</visitedTooltip>
	</beaconType>
	<text>It appears you've discovered a Harmony Link. These massive planet-sized structures are made up of trillions of nanobots, and transmit a strong signal to all of the Engi in the sector. However, it appears this one has been corrupted by the Heretics, they now use the nanobots to resurrect the bodies of their enemies.</text>
	<img back="BACK_EVENT_HARMONYLINK" planet="NONE" />
	<choice hidden="true" lvl="1" req="HARMONY_LINK_CHECK" max_group="1" blue="false">
		<text>Continue...</text>
		<event load="HARMONY_LINK_AEA_NECRO_EVENTS" />
	</choice>
	<choice hidden="true" lvl="0" req="HARMONY_LINK_CHECK" max_group="1" blue="false">
		<text>Continue...</text>
		<event load="HARMONY_LINK_EVENTS_SEP_NOANCIENT" />
	</choice>
</event>

<eventList name="HARMONY_LINK_AEA_NECRO_EVENTS">
	<event load="HARMONY_LINK_AEA_NECRO_RESURRECTED_MFK" />
	<event load="HARMONY_LINK_AEA_NECRO_RESURRECTED_FED" />
	
	<event load="HARMONY_LINK_ANCIENT" />
</eventList>
<eventList name="HARMONY_LINK_EVENTS_SEP_NOANCIENT"> <!--the player has already found the ancients, and as such it will not spawn again-->
	<event load="HARMONY_LINK_AEA_NECRO_RESURRECTED_MFK" />
	<event load="HARMONY_LINK_AEA_NECRO_RESURRECTED_FED" />
</eventList>

<event name="HARMONY_LINK_AEA_NECRO_RESURRECTED_MFK">
	<text>As you're observing the link from afar you notice a large vessel immerge from the link, what surprises you is the fact that it's an MFK ship.</text>
	<ship load="SHIP_AEA_NECRO_MFK" hostile="true" />
	<choice hidden="true">
		<text>Continue...</text>
		<event>
			<text>You're hailed by a nearby Engi Heretic. "Captain, your timing is perfect, you're here just in time to test our newest project." With that the MFK ship turns it's attention towards you.</text>
			<choice hidden="true">
				<text>Continue...</text>
				<event load="COMBAT_CHECK" />
			</choice>
		</event>
	</choice>
</event>
<event name="HARMONY_LINK_AEA_NECRO_MFK_WIN">
	<text>"Hmm, it appears the organics you call the rebels are not performing optimally, we will have to improve the process." The Engi Heretics seem disapointed by your victory, but only becuase their rebels failed.</text>
	<autoReward level="HIGH">standard</autoReward>
</event>

<event name="HARMONY_LINK_AEA_NECRO_RESURRECTED_FED">
	<text>As you're observing the link from afar you notice a large vessel immerge from the link, what surprises you is the fact that it's an Elite Federation ship.</text>
	<ship load="SHIP_AEA_NECRO_FED" hostile="true" />
	<choice hidden="true">
		<text>Continue...</text>
		<event>
			<text>You're hailed by a nearby Engi Heretic. "Captain, your timing is perfect, you're here just in time to test our newest project." With that the Federation ship turns it's attention towards you.</text>
			<choice hidden="true">
				<text>Continue...</text>
				<event load="COMBAT_CHECK" />
			</choice>
		</event>
	</choice>
</event>
<event name="HARMONY_LINK_AEA_NECRO_FED_WIN">
	<text>"Hmm, it appears the organics you call the federation are not performing optimally, we will have to improve the process." The Engi Heretics seem disapointed by your victory, but only becuase their zombies failed.</text>
	<autoReward level="HIGH">standard</autoReward>
</event>

<event name="HARMONY_LINK_UNIQUE_AEA_NECRO" unique="true">
	<preventQuest />
	<beaconType id="map_icon_link" global="false">
		<color r="137" g="142" b="148" a="1.0" />
		<unvisitedTooltip>This is the location of a Harmony Link.</unvisitedTooltip>
		<visitedTooltip>This is the location of a Harmony Link.</visitedTooltip>
	</beaconType>
	<text>It appears you've discovered a Harmony Link. Usually these are massive planet sized structures however this one has been corrupted by the Engi Heretics. Worse they appear to be using it to attempt to resurrect a massive space whale.</text>
	<img back="BACK_EVENT_LINK_AEA_NECRO_WHALE" planet="NONE" />
	<choice hidden="true">
		<text>Investigate the structure.</text>
		<event>
			<text>As you get closer a massive Heretic cruiser emerges from the Link, it appears to be barring you passage. "Leave, this is not something for the likes of you."</text>
			<ship load="SHIP_AEA_NECRO_BOSS" hostile="false"/>
			<choice hidden="true">
				<text>Attempt to push past.</text>
				<event>
					<text>The Heretic cruiser activates it's weapons, it looks like you're not going to get past without a fight.</text>
					<ship hostile="true"/>
					<choice hidden="true">
						<text>Continue...</text>
						<event load="COMBAT_CHECK"/>
					</choice>
				</event>
			</choice>
			<choice hidden="true">
				<text>Back off as suggested.</text>
				<event>
					<text>The Heretic cruiser continues to observe you as you back off to a save distance.</text>
					<choice>
						<text>Do something onboard the ship.</text>
						<event load="STORAGE_CHECK" />
					</choice>
					<choice>
						<text>Do nothing.</text>
						<event />
					</choice>
				</event>
			</choice>
		</event>
	</choice>
	<choice hidden="true">
		<text>Ignore them.</text>
		<event>
			<text>The Heretic ships don't appear to be disturbed by your presence, and you leave them alone.</text>
			<choice>
				<text>Do something onboard the ship.</text>
				<event load="STORAGE_CHECK" />
			</choice>
			<choice>
				<text>Do nothing.</text>
				<event />
			</choice>
		</event>
	</choice>
</event>

<event name="LINK_AEA_NECRO_WHALE_FINISH">
	<text>Now that you've dealt with the Heretic cruiser you're able to access the site of the resurrection. Eventually you make it to the control center of the structure, and inside you find a strange weapon mounted to it, pointing directly at the beast.</text>
	<choice hidden="true">
		<text>Take the weapon.</text>
		<event>
			<text>You rip the weapon from it's housing and retreat back to your ship, its not going to take the Engi long to realize something is wrong.</text>
			<weapon name="AEA_BEAM_NECRO_1"/>
			<choice>
				<text>Continue...</text>
				<event/>
			</choice>
		</event>
	</choice>
	<choice hidden="true">
		<text>Scrap the structure instead.</text>
		<event>
			<text>You grab any scrap you can from the structure before retreating back to your ship, its not going to take the Engi long to realize something is wrong.</text>
			<autoReward level="MED">standard</autoReward>
			<choice>
				<text>Continue...</text>
				<event/>
			</choice>
		</event>
	</choice>
</event>

<!--
\\\\\\\\\\\\\\\\\\\\\\\\\\\\\\\\\\\\\\\\\\\\\\\\\\\\\\\\\\\\\\\\\\\\\\\\\\\\\\\\\\\\\\\\\\\\\\\\\\\\\\\\\\\\\\\\\\\\\\\\\\\\\\\\\\\\\\
\\\\\\\\\\\\\\\\\\\\\\\\\\\\\\\\\\\\\\\\\\\\\\\\\\\\\\\\\\\\\\\\\\\\\\\\\\\\\\\\\\\\\\\\\\\\\\\\\\\\\\\\\\\\\\\\\\\\\\\\\\\\\\\\\\\\\\
					SPECIAL EVENTS
\\\\\\\\\\\\\\\\\\\\\\\\\\\\\\\\\\\\\\\\\\\\\\\\\\\\\\\\\\\\\\\\\\\\\\\\\\\\\\\\\\\\\\\\\\\\\\\\\\\\\\\\\\\\\\\\\\\\\\\\\\\\\\\\\\\\\\
\\\\\\\\\\\\\\\\\\\\\\\\\\\\\\\\\\\\\\\\\\\\\\\\\\\\\\\\\\\\\\\\\\\\\\\\\\\\\\\\\\\\\\\\\\\\\\\\\\\\\\\\\\\\\\\\\\\\\\\\\\\\\\\\\\\\\\
-->

<event name="AEA_NECRO_SANCTUM" unique="true">
	<preventQuest />
	<beaconType id="map_icon_aea_necro_home" global="true">
		<color r="120" g="99" b="84" a="1"/>
		<unvisitedTooltip>This is the location of a Harmony Link.</unvisitedTooltip>
		<visitedTooltip>This is the location of a Harmony Link.</visitedTooltip>
	</beaconType>
	<text>You've arrived at the Heretic's sanctum, one of the most important locations to the Heretics, this is where the upper command of the Heretics manipulate their forces to fight off their many enemies.</text>
	<img planet="PLANET_POPULATED" />
	<choice hidden="true">
		<text>Land and investigate.</text>
		<event>
			<text>It appears some kind of event is going down on the surface, hundreds of Engi Heretics are assembled in an open area, apparently waiting.</text>
			<img back="BACK_EVENT_AEA_NECRO_SANCTUM" planet="NONE" />
			<choice hidden="true">
				<text>Continue...</text>
				<event>
					<text>As you watch, a gilded Heretic emerges from a building nearby and behind it a prisoner in chains. The prisoner appears to be rebel general, although dirty you can still make out the distinctive uniform.

The gilded Engi brings the general onto the raised platform, before bringing out a large blade. A moment later the general is dead, skewered by the sword.
					.</text>
					<choice hidden="true">
						<text>Continue...</text>
						<event>
							<text>The gilded Engi isn't finished with the general, instead the Engi sticks it's arm into the wound.

A moment later the general is alive again, however this time something is different. No longer struggling against the chains the general appears to be under full control of the gilded Engi.</text>
							<choice hidden="true">
								<text>Continue...</text>
								<event>
									<text>It isn't but a moment later before a Heretic vessel interrupts you with their weapons.</text>
									<ship load="SHIP_AEA_NECRO_SANCTUM" hostile="true"/>
									<choice hidden="true">
										<text>Continue...</text>
										<event load="COMBAT_CHECK"/>
									</choice>
								</event>
							</choice>
						</event>
					</choice>
				</event>
			</choice>
		</event>
	</choice>
	<choice hidden="true">
		<text>Ignore it.</text>
		<event>
			<text>It's not worth the risk poking into things you know nothing about.</text>
			<choice>
				<text>Do something onboard the ship.</text>
				<event load="STORAGE_CHECK" />
			</choice>
			<choice>
				<text>Do nothing.</text>
				<event />
			</choice>
		</event>
	</choice>
</event>

<event name="AEA_NECRO_SANCTUM_WIN">
	<text>With the Heretic vessel destroyed you recieve an unexpected hail coming from the surface. "Greetings Captain, you were very efficient in destroying my vessel, I may have a use for you."</text>
	<choice>
		<text>Continue...</text>
		<event>
			<text>"The general you saw on display here, quite valuable to the rebel organics, we've picked up their weak attempt to save the general at the edge of the sector. However our forces are spread to thin to deal with it, you may be able to, if you do we will reward you handsomely."</text>
			<choice hidden="true">
				<text>Accept the mission.</text>
				<event>
					<text>"Try not to die Captain." The coordinates for the vessel are uploaded to your computer.</text>
					<quest event="QUEST_AEA_NECRO_SANCTUM_QUEST"/>
					<choice hidden="true">
						<text>Continue...</text>
						<event/>
					</choice>
				</event>
			</choice>
			<choice hidden="true">
				<text>Refuse the mission.</text>
				<event>
					<text>"Very well, Try not to die Captain."</text>
					<choice hidden="true">
						<text>Continue...</text>
						<event/>
					</choice>
				</event>
			</choice>
		</event>
	</choice>
</event>

<event name="QUEST_AEA_NECRO_SANCTUM_QUEST">
	<beaconType id="map_icon_quest" global="true">
		<color r="69" g="168" b="235" a="1" />
		<unvisitedTooltip>The dangerous rebel vessel you're tasked with destroyed by the gilded Engi</unvisitedTooltip>
	</beaconType>
	<preventFleet />
	<preventQuest />
	<text>You arrive at the beacon, you don't pickup anything nearby. However you prepare your defenses just in case.</text>
	<choice hidden="true">
		<text>Continue...</text>
		<event>
			<text>Not a moment too soon a ship appears from behind an asteroid, however their initial volley is easily defeated by your defenses.</text>
			<ship load="SHIP_AEA_NECRO_ANGEL" hostile="true"/>
			<choice>
				<text>Continue...</text>
				<event load="COMBAT_CHECK"/>
			</choice>
		</event>
	</choice>
</event>

<event name="AEA_NECRO_SANCTUM_ANGEL_WIN">
	<text>A new vessel arrives at the beacon, you're once again hailed by the gilded Engi. "Congratulations on your victory Captain. I should formally introduce myself, My name is L-0031, however some call me the Lich King."</text>
	<choice>
		<text>Continue...</text>
		<event>
			<text>"You did quite well in defeating this foe, and for it we'll deliver the schematics for a cruiser we've been designing. However I also came here to ask something of you, I've spent too long building up the Engi Heretics, I've lived a long time, but I haven't truly experienced much. You're a capable ship, take me aboard and I will help kill whomever you want. This place will be fine without me."</text>
			<unlockCustomShip silent="false">PLAYER_SHIP_AEA_NECRO_ENGI</unlockCustomShip>
			<choice hidden="true">
				<text>Welcome the engi onto your ship.</text>
				<event>
					<text>The engi comes onboard your ship, if you had to guess L-0031 has been around since the beginning of the Engi, perhaps even one of the first to seperate from the harmony.</text>
					<crewMember amount="1" all_skills="2" class="aea_necro_king">L-0031</crewMember>
					<choice hidden="true">
						<text>Continue...</text>
						<event/>
					</choice>
				</event>
			</choice>
			<choice hidden="true">
				<text>Refuse the offer.</text>
				<event>
					<text>"Very well, Try not to die Captain."</text>
					<choice hidden="true">
						<text>Continue...</text>
						<event/>
					</choice>
				</event>
			</choice>
		</event>
	</choice>
</event>

</FTL>
