<FTL>
<!--
\\\\\\\\\\\\\\\\\\\\\\\\\\\\\\\\\\\\\\\\\\\\\\\\\\\\\\\\\\\\\\\\\\\\\\\\\\\\\\\\\\\\\\\\\\\\\\\\\\\\\\\\\\\\\\\\\\\\\\\\\\\\\\\\\\\\\\
\\\\\\\\\\\\\\\\\\\\\\\\\\\\\\\\\\\\\\\\\\\\\\\\\\\\\\\\\\\\\\\\\\\\\\\\\\\\\\\\\\\\\\\\\\\\\\\\\\\\\\\\\\\\\\\\\\\\\\\\\\\\\\\\\\\\\\
\\\\\\\\\\\\\\\\\\\\\\\\\\\\\\\\\\\\\\\\\\\\\\\\\\\\\\\\\\\\\\\\\\\\\\\\\\\\\\\\\\\\\\\\\\\\\\\\\\\\\\\\\\\\\\\\\\\\\\\\\\\\\\\\\\\\\\
\\\\\\\\\\\\\\\\\\\\\\\\\\\\\\\\\\\\\\\\\\\\\\\\\\\\\\\\\\\\\\\\\\\\\\\\\\\\\\\\\\\\\\\\\\\\\\\\\\\\\\\\\\\\\\\\\\\\\\\\\\\\\\\\\\\\\\
\\\\\\\\\\\\\\\\\\\\\\\\\\\\\\\\\\\\\\\\\\\\\\\\\\\\\\\\\\\\\\\\\\\\\\\\\\\\\\\\\\\\\\\\\\\\\\\\\\\\\\\\\\\\\\\\\\\\\\\\\\\\\\\\\\\\\\
\\\\\\\\\\\\\\\\\\\\\\\\\\\\\\\\\\\\\\\\\\\\\\\\\\\\\\\\\\\\\\\\\\\\\\\\\\\\\\\\\\\\\\\\\\\\\\\\\\\\\\\\\\\\\\\\\\\\\\\\\\\\\\\\\\\\\\
					LYLMIK SECTOR 1
\\\\\\\\\\\\\\\\\\\\\\\\\\\\\\\\\\\\\\\\\\\\\\\\\\\\\\\\\\\\\\\\\\\\\\\\\\\\\\\\\\\\\\\\\\\\\\\\\\\\\\\\\\\\\\\\\\\\\\\\\\\\\\\\\\\\\\
\\\\\\\\\\\\\\\\\\\\\\\\\\\\\\\\\\\\\\\\\\\\\\\\\\\\\\\\\\\\\\\\\\\\\\\\\\\\\\\\\\\\\\\\\\\\\\\\\\\\\\\\\\\\\\\\\\\\\\\\\\\\\\\\\\\\\\
\\\\\\\\\\\\\\\\\\\\\\\\\\\\\\\\\\\\\\\\\\\\\\\\\\\\\\\\\\\\\\\\\\\\\\\\\\\\\\\\\\\\\\\\\\\\\\\\\\\\\\\\\\\\\\\\\\\\\\\\\\\\\\\\\\\\\\
\\\\\\\\\\\\\\\\\\\\\\\\\\\\\\\\\\\\\\\\\\\\\\\\\\\\\\\\\\\\\\\\\\\\\\\\\\\\\\\\\\\\\\\\\\\\\\\\\\\\\\\\\\\\\\\\\\\\\\\\\\\\\\\\\\\\\\
\\\\\\\\\\\\\\\\\\\\\\\\\\\\\\\\\\\\\\\\\\\\\\\\\\\\\\\\\\\\\\\\\\\\\\\\\\\\\\\\\\\\\\\\\\\\\\\\\\\\\\\\\\\\\\\\\\\\\\\\\\\\\\\\\\\\\\
\\\\\\\\\\\\\\\\\\\\\\\\\\\\\\\\\\\\\\\\\\\\\\\\\\\\\\\\\\\\\\\\\\\\\\\\\\\\\\\\\\\\\\\\\\\\\\\\\\\\\\\\\\\\\\\\\\\\\\\\\\\\\\\\\\\\\\
-->

<event name="START_BEACON_AEA_OLD_1">
	<metaVariable name="juke_aea_old_1" op="set" val="1" />
	<text>You pull yourself off the floor, in a daze. The ship cameras show most of the other crew doing the same, waking from their slumber. You remember the conflict you were just in with that strange vessel, but you find you're no longer under attack. Additionally you're being hailed by an unknown contact.</text>
	<variable name="loc_unique_sectors" op="add" val="1" />
	<modifyPursuit amount="-999" />
	<ship load="SHIP_AEA_OLD_1_GUARD" hostile="false" />
	<changeBackground>BACK_EVENT_AEA_OLD_1_START</changeBackground>
	<playSound>lightspeed</playSound>
	<choice hidden="true" req="ANCIENT_ACTIVATOR" blue="false">
		<text>Answer the hail.</text>
		<event>
			<text>As you go to answer the hail, you realise the Ancient Alien that was hybernating on your ship has disappeared.

A strange species appears on screen. "Welcome to the Expanse, Unfortunately you stumbled upon something you're not meant to see, so we've taken you here, to be kept in exile for the rest of your natural life."</text>
			<remove name="HIDDEN ANCIENT_ACTIVATOR" />
			<choice hidden="true">
				<text>What?.</text>
				<event>
					<text>"I suppose theres no harm in explaining it. Do you want to hear the short version, or the longer explanation of why you're here?"</text>
					<choice hidden="true">
						<text>The long version.</text>
						<event load="AEA_OLD_EXPLAIN_LONG" />
					</choice>
					<choice hidden="true">
						<text>The short version.</text>
						<event load="AEA_OLD_EXPLAIN_SHORT" />
					</choice>
				</event>
			</choice>
		</event>
	</choice>
	<choice hidden="true" req="ANCIENT_ACTIVATOR" lvl="0" max_lvl="0" blue="false">
		<text>Answer the hail.</text>
		<event>
			<text>A strange species appears on screen. "Welcome to the Expanse, Unfortunately you stumbled upon something you're not meant to see, so we've taken you here, to be kept in exile for the rest of your natural life."</text>
			<choice hidden="true">
				<text>What?.</text>
				<event>
					<text>"I suppose theres no harm in explaining it. Do you want to hear the short version, or the longer explanation of why you're here?"</text>
					<choice hidden="true">
						<text>The long version.</text>
						<event load="AEA_OLD_EXPLAIN_LONG" />
					</choice>
					<choice hidden="true">
						<text>The short version.</text>
						<event load="AEA_OLD_EXPLAIN_SHORT" />
					</choice>
				</event>
			</choice>
		</event>
	</choice>
</event>

<event name="AEA_OLD_EXPLAIN_LONG">
	<text>"A long time ago, before your federation, or rebellion there was just us, the Lylmiks. We expanded across the multiverse asserting our dominance over the other races, however as time went on our control became less effective and we started to lose. We started losing control over parts of the multiverse, the races we held under our thumb for so long began to band together and attack us."</text>
	<choice hidden="true">
		<text>Continue...</text>
		<event>
			<text>"At the same time we developed the technology to render ourselves practically immortal, we stopped reproducing and began to recede back to our core. A split happened within our civilisation, one half wanted to release our control over the multiverse and to retreat to our core sectors to exist peacefully away from the rest of the multiverse. The otherside wanted the opposite, they wanted to redouble our efforts to control the multiverse."</text>
			<choice hidden="true">
				<text>Continue...</text>
				<event>
					<text>"The conflict was long and drawn out, similar to your own conflict with the rebellion. Although we had rendered ourselves almost immortal, both sides took the time to develop weapons capable of ripping each other out of the multiverse. As a result our numbers were drained throughout the conflict, it was only once both sides had been reduced to the thousands that the conflict finally ended."</text>
					<choice hidden="true">
						<text>Continue...</text>
						<event>
							<text>"The side that won was, as you may have guessed, the side that wanted to retreat from the multiverse. During the conflict major leaps in innovation were developped around Multiversal travel. One of those was the ability to quarantine certain realities. It was decided by the Lylmik council, the leaders of the Lylmik during the war, that we should quarantine ourselves, many of our species just wanted to be done with the multiverse."</text>
							<choice hidden="true">
								<text>Continue...</text>
								<event>
									<text>"And so it was that we shut ourselves out of the multiverse. We knew however that our solution wasn't perfect, people may be able to discover the remnants of our empire much like you did. We implemented security features so that we could not only eliminate those that discover our secrets, but we could contain them here to keep track of them."</text>
									<choice hidden="true">
										<text>So what is this place.</text>
										<event load="AEA_OLD_EXPLAIN_AFTER" />
									</choice>
								</event>
							</choice>
						</event>
					</choice>
				</event>
			</choice>
		</event>
	</choice>
</event>

<event name="AEA_OLD_EXPLAIN_SHORT">
	<text>"We, the Lylmiks were a race that existed a long time ago. We ruled the multiverse for a time, but as other races grew up we slowly lost control. Eventually we split due to this loss of control, and after a long civil war we quarantined ourselves away from the rest of the multiverse."</text>
	<choice hidden="true">
		<text>Continue...</text>
		<event>
			<text>"Part of that quarantine was making sure that those who may discover us are eliminated from the multiverse, that means you."</text>
			<choice hidden="true">
				<text>So what is this place.</text>
				<event load="AEA_OLD_EXPLAIN_AFTER" />
			</choice>
		</event>
	</choice>
</event>

<event name="AEA_OLD_EXPLAIN_AFTER">
	<text>"This is where we take those who stumble across our secrets, such as you. As a product of our quarantine you'll be trapped here forever, the only way anyone can leave is by going through the council and convincing them to let you leave. But good luck with that, the coordinates of the coreworlds where the council lives are only known to the most elite. The only person around here who has those coordinates is the *baron*."

"Anyway, I need to get back to my job. If you need anything else contact the guard."
	.</text>
	<choice>
		<text>Ignore the guard.</text>
		<event>
			<text>You now have some time to do something on the ship.</text>
			<choice>
				<text>Do something onboard the ship.</text>
				<event load="STORAGE_CHECK" />
			</choice>
			<choice>
				<text>Do nothing.</text>
				<event />
			</choice>
		</event>
	</choice>
	<choice hidden="true">
		<text>Contact the guard.</text>
		<event load="GUARD_AEA_OLD_1_INTERACT" />
	</choice>
	<choice>
		<text>Attack the guard.</text>
		<event>
			<text id="text_guard_attack" />
			<ship hostile="true" />
			<choice hidden="true">
				<text>Continue...</text>
				<event load="COMBAT_CHECK" />
			</choice>
		</event>
	</choice>
</event>

<event name="GUARD_AEA_OLD_1_INTERACT">
	<text>Normally a vessel of your calibre would be unexpected, however the guard here is clearly unimpressed. "If you think trying to destroy me will get you anywhere but dead, you're wrong."</text>
	<choice hidden="true">
		<text>Request supplies.</text>
		<event load="GUARD_AEA_OLD_1_REQUEST" />
	</choice>
	<choice hidden="true">
		<text>Demand supplies.</text>
		<event load="GUARD_AEA_OLD_1_DEMAND" />
	</choice>
	<choice req="weapons" lvl="5" hidden="true">
		<text>(Upg. Weapons) Threaten the guard.</text>
		<event load="GUARD_AEA_OLD_1_DEMAND" />
	</choice>
	<choice req="aea_old_1" hidden="true">
		<text>(Lylmik Crew) Request assistance.</text>
		<event>
			<text>The guard, upon verifying your Lylmik, transfers over a crate of supplies.</text>
			<autoReward level="LOW">stuff</autoReward>
		</event>
	</choice>
	<choice req="BLUELIST_AEA_OLD_UNIQUE" hidden="true">
		<text>(Lylmik Council) Request supplies.</text>
		<event>
			<text>The guard immediately adopts a respectful posture when they see the council member aboard your ship, and transfers supplies over.</text>
			<autoReward level="HIGH">stuff</autoReward>
		</event>
	</choice>
	<choice hidden="true">
		<text>Change your mind and leave the guard alone.</text>
		<event>
			<text>You apologize and end comms. The guard makes no attempts to communicate further.</text>
			<choice>
				<text>Do something onboard the ship.</text>
				<event load="STORAGE_CHECK" />
			</choice>
			<choice>
				<text>Do nothing.</text>
				<event />
			</choice>
		</event>
	</choice>
</event>

<eventList name="GUARD_AEA_OLD_1_REQUEST">
	<event>
		<text>"I apologize, but we do not have orders to provide assistance to other ships."</text>
	</event>
	<event>
		<text>The guard appears to take pity on you and agrees to your request. They transfer over a small crate of supplies.</text>
		<autoReward level="LOW">stuff</autoReward>
	</event>
</eventList>
<eventList name="GUARD_AEA_OLD_1_DEMAND">
	<event>
		<text>The guard refuses to give in to your demands. Instead, they raise their weapons and retaliate.</text>
		<ship hostile="true" />
		<choice hidden="true">
			<text>Continue...</text>
			<event load="COMBAT_CHECK" />
		</choice>
	</event>
</eventList>

<ship name="SHIP_AEA_OLD_1_GUARD" auto_blueprint="AEA_OLD_ENFORCER">
	<destroyed load="GUARD_AEA_OLD_1_DESTROY" />
	<deadCrew load="GUARD_AEA_OLD_1_DEADCREW" />
</ship>

<event name="GUARD_AEA_OLD_1_DESTROY">
	<text>You have defeated the Lylmik guard. Whatever might have been in their cargo has for certain been destroyed, but you can at least salvage some supplies from the ship.</text>
	<autoReward level="HIGH">standard</autoReward>
</event>
<event name="GUARD_AEA_OLD_1_DEADCREW">
	<text>You have defeated the Lylmik guard. Without crew on board to stop you, you can investigate their cargo. You find a weapon to bring back to the ship, and move on to scrap their hull.</text>
	<autoReward level="HIGH">standard</autoReward>
	<weapon name="GIFTLIST_AEA_OLD" />
</event>


<!--
\\\\\\\\\\\\\\\\\\\\\\\\\\\\\\\\\\\\\\\\\\\\\\\\\\\\\\\\\\\\\\\\\\\\\\\\\\\\\\\\\\\\\\\\\\\\\\\\\\\\\\\\\\\\\\\\\\\\\\\\\\\\\\\\\\\\\\
\\\\\\\\\\\\\\\\\\\\\\\\\\\\\\\\\\\\\\\\\\\\\\\\\\\\\\\\\\\\\\\\\\\\\\\\\\\\\\\\\\\\\\\\\\\\\\\\\\\\\\\\\\\\\\\\\\\\\\\\\\\\\\\\\\\\\\
					EXIT BEACON
\\\\\\\\\\\\\\\\\\\\\\\\\\\\\\\\\\\\\\\\\\\\\\\\\\\\\\\\\\\\\\\\\\\\\\\\\\\\\\\\\\\\\\\\\\\\\\\\\\\\\\\\\\\\\\\\\\\\\\\\\\\\\\\\\\\\\\
\\\\\\\\\\\\\\\\\\\\\\\\\\\\\\\\\\\\\\\\\\\\\\\\\\\\\\\\\\\\\\\\\\\\\\\\\\\\\\\\\\\\\\\\\\\\\\\\\\\\\\\\\\\\\\\\\\\\\\\\\\\\\\\\\\\\\\
-->

<event name="AEA_OLD_1_BARON">
	<preventQuest />
	<preventFleet />
	<beaconType id="map_icon_aea_old_baron" global="true">
		<color r="119" g="0" b="0" a="1"/>
		<unvisitedTooltip>This is the location of the Baron.</unvisitedTooltip>
		<visitedTooltip>This is the location of the Baron.</visitedTooltip>
	</beaconType>
	<revisitEvent>AEA_OLD_BARON_JUMP</revisitEvent>
	<text>You've arrived at the beacon to discover a large extravagant vessel, this must be the baron. If you destroy the vessel you should be able to recover the co-ordinates to the Lylmik coreworlds.</text>
	<ship load="AEA_OLD_BARON_BATTLESHIP" hostile="true"/>
	<choice hidden="true">
		<text>Engage the ship.</text>
		<event>
			<text>As you activate your weapons the Baron does the same.</text>
			<choice hidden="true">
				<text>Continue...</text>
				<event load="COMBAT_CHECK" />
			</choice>
		</event>
	</choice>
</event>

<event name="AEA_OLD_BARON_DESTROYED">
	<text>The extravagant vessel has been defeated. A substantial amount of scrap remains behind to take.</text>
	<autoReward level="HIGH">standard_no_item</autoReward>
	<weapon name="AEA_COMPONENT_OLD" />
	<choice hidden="true">
		<text>Continue...</text>
		<event>
			<text>As you search the wreck for the coordinates of the Lylmik coreworlds you find an intact storage crate. A little while later you also find the coordinates.</text>
			<autoReward level="MED">standard_no_item</autoReward>
			<weapon name="GIFTLIST_WEAPONS_AEA_OLD" />
			<unlockCustomShip silent="false">PLAYER_SHIP_AEA_OLD_HAMMER</unlockCustomShip>
			<choice>
				<text>Use the coordinates immediately [WARNING: Do not use if your crew an onboard the baron's ship].</text>
				<event>
					<secretSectorWarp>SECRET_AEA_OLD_2</secretSectorWarp>
					<secretSector />
				</event>
			</choice>
			<choice hidden="true">
				<text>Give me a moment to prepare.</text>
				<event>
					<jumpEvent>AEA_OLD_BARON_JUMP</jumpEvent>
				</event>
			</choice>
		</event>
	</choice>
</event>
<event name="AEA_OLD_BARON_JUMP">
	<revisitEvent>AEA_OLD_BARON_JUMP</revisitEvent>
	<text>Use the coordinates now?.</text>
	<choice>
		<text>Use the coordinates immediately.</text>
		<event>
			<secretSectorWarp>SECRET_AEA_OLD_2</secretSectorWarp>
			<secretSector />
		</event>
	</choice>
	<choice hidden="true">
		<text>Give me a moment to prepare.</text>
		<event>
			<jumpEvent>AEA_OLD_BARON_JUMP</jumpEvent>
		</event>
	</choice>
	<choice hidden="true">
		<text>We'll come back here later.</text>
		<event/>
	</choice>
</event>


<!--
\\\\\\\\\\\\\\\\\\\\\\\\\\\\\\\\\\\\\\\\\\\\\\\\\\\\\\\\\\\\\\\\\\\\\\\\\\\\\\\\\\\\\\\\\\\\\\\\\\\\\\\\\\\\\\\\\\\\\\\\\\\\\\\\\\\\\\
\\\\\\\\\\\\\\\\\\\\\\\\\\\\\\\\\\\\\\\\\\\\\\\\\\\\\\\\\\\\\\\\\\\\\\\\\\\\\\\\\\\\\\\\\\\\\\\\\\\\\\\\\\\\\\\\\\\\\\\\\\\\\\\\\\\\\\
					STORE EVENTS ()
\\\\\\\\\\\\\\\\\\\\\\\\\\\\\\\\\\\\\\\\\\\\\\\\\\\\\\\\\\\\\\\\\\\\\\\\\\\\\\\\\\\\\\\\\\\\\\\\\\\\\\\\\\\\\\\\\\\\\\\\\\\\\\\\\\\\\\
\\\\\\\\\\\\\\\\\\\\\\\\\\\\\\\\\\\\\\\\\\\\\\\\\\\\\\\\\\\\\\\\\\\\\\\\\\\\\\\\\\\\\\\\\\\\\\\\\\\\\\\\\\\\\\\\\\\\\\\\\\\\\\\\\\\\\\
-->	

<event name="STORE_HOSTILE_AEA_OLD">
	<preventQuest />
	<beaconType id="map_icon_hostilestore" global="false">
		<color r="215" g="175" b="175" a="1" />
	</beaconType>
	<text>Surprisingly a Lylmik merchant appears to be under attack from a heavily armed elite, If you want to trade with them you'll need to take care of the elite.</text>
	<ship load="SHIP_AEA_OLD_MU_STORE_PROTECT" hostile="false" />
	<choice hidden="true">
		<text>Rescue the store.</text>
		<event>
			<text>You prepare for combat.</text>
			<ship hostile="true" />
			<choice hidden="true">
				<text>Continue...</text>
				<event load="COMBAT_CHECK" />
			</choice>
		</event>
	</choice>
	<choice hidden="true">
		<text>Ignore the merchant.</text>
		<event>
			<text>Fortunately, the Elite remain oblivious to your presence.</text>
			<choice>
				<text>Do something onboard the ship.</text>
				<event load="STORAGE_CHECK" />
			</choice>
			<choice>
				<text>Do nothing.</text>
				<event />
			</choice>
		</event>
	</choice>
</event>

<eventList name="STORELIST_AEA_OLD_GENERIC">
	<event load="STOREEVENT_OUTPOST" />
	<event load="STOREEVENT_DAMAGED" />
	
	<event load="STOREEVENT_FED_MARKET" />
</eventList>


<!--
\\\\\\\\\\\\\\\\\\\\\\\\\\\\\\\\\\\\\\\\\\\\\\\\\\\\\\\\\\\\\\\\\\\\\\\\\\\\\\\\\\\\\\\\\\\\\\\\\\\\\\\\\\\\\\\\\\\\\\\\\\\\\\\\\\\\\\
\\\\\\\\\\\\\\\\\\\\\\\\\\\\\\\\\\\\\\\\\\\\\\\\\\\\\\\\\\\\\\\\\\\\\\\\\\\\\\\\\\\\\\\\\\\\\\\\\\\\\\\\\\\\\\\\\\\\\\\\\\\\\\\\\\\\\\
					ITEM EVENTS ()
\\\\\\\\\\\\\\\\\\\\\\\\\\\\\\\\\\\\\\\\\\\\\\\\\\\\\\\\\\\\\\\\\\\\\\\\\\\\\\\\\\\\\\\\\\\\\\\\\\\\\\\\\\\\\\\\\\\\\\\\\\\\\\\\\\\\\\
\\\\\\\\\\\\\\\\\\\\\\\\\\\\\\\\\\\\\\\\\\\\\\\\\\\\\\\\\\\\\\\\\\\\\\\\\\\\\\\\\\\\\\\\\\\\\\\\\\\\\\\\\\\\\\\\\\\\\\\\\\\\\\\\\\\\\\
-->	
<eventList name="ITEMS_AEA_OLD_1">
	<event load="AEA_OLD_FREE_ELITE" />
	<event load="AEA_OLD_STORE_EXCLUSIVE" />
    <event load="AEA_OLD_CRATE_ITEM" />
	<event load="REBELHOLD_AUTO_LOREKEEPER" />
</eventList>

<event name="AEA_OLD_FREE_ELITE" unique="true">
	<text>You arrive at the beacon to discover a Lylmik vessel in orbit, there appears to be a small shuttle attached to the side of the ship.</text>
	<ship load="SHIP_AEA_OLD_ALL" hostile="false"/>
	<choice hidden="true">	
		<text>Hail them.</text>
		<event>
			<text>A lylmik appears on your screen "Captain, I don't suppose you want a new crewmember. We've had a pretty incredible event onboard, this person tried to take over our ENTIRE ship by themselves, completely on their own. Normally we'd have killed them immediately, however the sheer gaul to attempt something like this has saved their life. Anyway we've gotten a bit bored of the prisoner, do you want them?"</text>
			<choice hidden="true">
				<text>Sure?.</text>
				<event>
					<text>"Fantastic, we'll send them over." A moment later a shuttle is remotely piloted over to your ship, and onboard is an elite crewmember.</text>
					<crewMember all_skills="2" amount="1" class="BLUELIST_AEA_OLD_ELITE_FILL_IN"/>
					<choice hidden="true">
						<text>Continue...</text>
						<event/>
					</choice>
				</event>
			</choice>
			<choice hidden="true">
				<text>No thanks.</text>
				<event/>
			</choice>
		</event>
	</choice>
	<choice hidden="true">
		<text>Ignore the ship.</text>
		<event>
			<text>The lylmik ship ignores you.</text>
			<choice>
				<text>Do something onboard the ship.</text>
				<event load="STORAGE_CHECK" />
			</choice>
			<choice>
				<text>Do nothing.</text>
				<event />
			</choice>
		</event>
	</choice>
</event>

<event name="AEA_OLD_STORE_EXCLUSIVE" unique="true">
	<text>You arrive at the beacon to discover an unmarked Lylmik merchant station. As you get closer a message plays from the station. "Welcome to the Marketplace Captain, an exclusive club for rich and dangerous ships, if you can't prove your might, you're better off turning back."
You then get a popup telling you membership is ONLY 29.99~.
	.</text>
	<ship load="AEA_OLD_STATION_EXCLUSIVE" hostile="false"/>
	<choice hidden="false">
		<text>Pay the membership fee.</text>
		<event>
			<item_modify>
				<item type="scrap" min="-30" max="-30" />
			</item_modify>
			<text>You gain access to the station, and discover its basically just one big store.</text>
			<store>STORE_AEA_OLD_EXCLUSIVE</store>
		</event>
	</choice>
	<choice hidden="false">
		<text>Attack the station.</text>
		<event>
			<ship hostile="true"/>
			<text>This is clearly a scam, getting rid of them will be a service to the sector.</text>
			<choice hidden="true">
				<text>Continue...</text>
				<event load="COMBAT_CHECK"/>
			</choice>			
		</event>
	</choice>
	<choice hidden="true">
		<text>Ignore the station.</text>
		<event>
			<text>You're not going to get involved in whatever this is.</text>
			<choice>
				<text>Do something onboard the ship.</text>
				<event load="STORAGE_CHECK" />
			</choice>
			<choice>
				<text>Do nothing.</text>
				<event />
			</choice>
		</event>
	</choice>
</event>

<event name="AEA_OLD_CRATE_ITEM" unique="true">
	<text>You've arrived at a relatively empty beacon, however your sensors pickup a large storage crate floating around in orbit near the beacon.</text>
	<choice hidden="true">
		<text>Investigate the crate.</text>
		<event load="AEA_OLD_CRATE_LIST"/>
	</choice>
	<choice hidden="true">
		<text>Ignore the crate.</text>
		<event>
			<text>You prepare your jump drive for the next jump.</text>
			<choice>
				<text>Do something onboard the ship.</text>
				<event load="STORAGE_CHECK" />
			</choice>
			<choice>
				<text>Do nothing.</text>
				<event />
			</choice>
		</event>
	</choice>
</event>

<eventList name="AEA_OLD_CRATE_LIST">
	<event>
		<text>You secure the crate into your cargo before openning it up, you discover the crate contained a large Lylmik weapon.</text>
		<weapon name="GIFTLIST_WEAPONS_AEA_OLD"/>
		<choice>
			<text>Continue...</text>
			<event/>
		</choice>
	</event>
	<event>
		<text>You secure the crate into your cargo before openning it up, you discover the crate contained a hybernating Lylmik. Upon waking up to your intrusion they offer to join your crew.</text>
		<crewMember  all_skills="2" amount="1" class="aea_old_1"/>
		<choice>
			<text>Continue...</text>
			<event/>
		</choice>
	</event>
	<event>
		<text>You secure the crate into your cargo before openning it up, you discover the crate contained a pristine drone.</text>
		<drone name="RANDOM"/>
		<choice>
			<text>Continue...</text>
			<event/>
		</choice>
	</event>
</eventList>


<!--
\\\\\\\\\\\\\\\\\\\\\\\\\\\\\\\\\\\\\\\\\\\\\\\\\\\\\\\\\\\\\\\\\\\\\\\\\\\\\\\\\\\\\\\\\\\\\\\\\\\\\\\\\\\\\\\\\\\\\\\\\\\\\\\\\\\\\\
\\\\\\\\\\\\\\\\\\\\\\\\\\\\\\\\\\\\\\\\\\\\\\\\\\\\\\\\\\\\\\\\\\\\\\\\\\\\\\\\\\\\\\\\\\\\\\\\\\\\\\\\\\\\\\\\\\\\\\\\\\\\\\\\\\\\\\
					EMPTY EVENTS ()
\\\\\\\\\\\\\\\\\\\\\\\\\\\\\\\\\\\\\\\\\\\\\\\\\\\\\\\\\\\\\\\\\\\\\\\\\\\\\\\\\\\\\\\\\\\\\\\\\\\\\\\\\\\\\\\\\\\\\\\\\\\\\\\\\\\\\\
\\\\\\\\\\\\\\\\\\\\\\\\\\\\\\\\\\\\\\\\\\\\\\\\\\\\\\\\\\\\\\\\\\\\\\\\\\\\\\\\\\\\\\\\\\\\\\\\\\\\\\\\\\\\\\\\\\\\\\\\\\\\\\\\\\\\\\
-->	

<event name="EMPTY_AEA_OLD">
	<text load="EMPTY_AEA_OLD" />
	<choice>
		<text>Do something onboard the ship.</text>
		<event load="STORAGE_CHECK" />
	</choice>
	<choice>
		<text>Do nothing.</text>
		<event />
	</choice>
</event>
<textList name="EMPTY_AEA_OLD">
	<text planet="PLANET_ANCIENT_TRIO">Three artificial planets, heavily damaged, float in the distance. They are void of a star to orbit, and some day they will crash into each other, but for now this beacon is safe.</text>
	<text planet="PLANET_ANCIENT">You must admit, you've grown used to the pollution caused by frequent ship battles outside of this sector. The clean space around you puts you at ease, and you figure it's okay to do something aboard the ship.</text>
</textList>

<!--
\\\\\\\\\\\\\\\\\\\\\\\\\\\\\\\\\\\\\\\\\\\\\\\\\\\\\\\\\\\\\\\\\\\\\\\\\\\\\\\\\\\\\\\\\\\\\\\\\\\\\\\\\\\\\\\\\\\\\\\\\\\\\\\\\\\\\\
\\\\\\\\\\\\\\\\\\\\\\\\\\\\\\\\\\\\\\\\\\\\\\\\\\\\\\\\\\\\\\\\\\\\\\\\\\\\\\\\\\\\\\\\\\\\\\\\\\\\\\\\\\\\\\\\\\\\\\\\\\\\\\\\\\\\\\
					NEUTRAL EVENTS ()
\\\\\\\\\\\\\\\\\\\\\\\\\\\\\\\\\\\\\\\\\\\\\\\\\\\\\\\\\\\\\\\\\\\\\\\\\\\\\\\\\\\\\\\\\\\\\\\\\\\\\\\\\\\\\\\\\\\\\\\\\\\\\\\\\\\\\\
\\\\\\\\\\\\\\\\\\\\\\\\\\\\\\\\\\\\\\\\\\\\\\\\\\\\\\\\\\\\\\\\\\\\\\\\\\\\\\\\\\\\\\\\\\\\\\\\\\\\\\\\\\\\\\\\\\\\\\\\\\\\\\\\\\\\\\
-->	
<eventList name="NEUTRAL_AEA_OLD_1">
	<event load="AEA_OLD_CHOICE_LIST" />
	
    <event load="AEA_OLD_COLONY" />
    <event load="AEA_OLD_LIZZARD" />
    <event load="AEA_OLD_ONCEUPONABAN" />
	<event load="AEA_OLD_MFK_SAVE" />
	<event load="AEA_OLD_LYLMIK_GONE" />
	<event load="DISTRESS_REBELHOLD_POW" />
</eventList>

<eventList name="AEA_OLD_CHOICE_LIST">
	<event load="AEA_OLD_CHOICE" />
	<event load="AEA_OLD_CHOICE_MU" />
</eventList>

<event name="AEA_OLD_CHOICE">
	<img back="BACKGROUND" planet="PLANET_UNPOPULATED" />
	<text load="TEXT_AEA_OLD_CHOICE" />
	<ship load="SHIP_AEA_OLD_ALL" hostile="false" /> 
	<choice hidden="true">
		<text>Fight the Lylmiks.</text>
		<event>
			<text>You power up your weapons and fight the Lylmik ship.</text>
			<ship hostile="true" /> 
			<choice hidden="true">
				<text>Continue...</text>
				<event load="COMBAT_CHECK" />
			</choice>
		</event>
	</choice>
	<choice hidden="true">
		<text>Avoid them.</text>
		<event>
			<text>You decide not to fight the Lylmik vessel, and fly away.</text>
			<choice>
				<text>Do something onboard the ship.</text>
				<event load="STORAGE_CHECK" />
			</choice>
			<choice>
				<text>Do nothing.</text>
				<event />
			</choice>
		</event>
	</choice>
</event>
<textList name="TEXT_AEA_OLD_CHOICE">
	<text>The Lylmik ship at this beacon has not yet noticed your presence. If you wanted, you could fly away safely, or attack now and take them by surprise.</text>
	<text>"You're lucky I'm not one to kill those I meet at random, you should leave before it's no longer random."</text>
	<text>You've caught a Lylmik vessel unaware of your presence, they'll be worth quite a bit of scrap if you can kill them.</text>
</textList>

<event name="AEA_OLD_CHOICE_MU">
	<img back="BACKGROUND" planet="PLANET_UNPOPULATED" />
	<text load="TEXT_AEA_OLD_CHOICE_MU" />
	<ship load="SHIP_AEA_OLD_MU_ALL" hostile="false" /> 
	<choice hidden="true">
		<text>Fight the Elite.</text>
		<event>
			<text>You power up your weapons and fight the Elite ship.</text>
			<ship hostile="true" /> 
			<choice hidden="true">
				<text>Continue...</text>
				<event load="COMBAT_CHECK" />
			</choice>
		</event>
	</choice>
	<choice hidden="true">
		<text>Avoid them.</text>
		<event>
			<text>You decide not to fight the Elite vessel, and fly away.</text>
			<choice>
				<text>Do something onboard the ship.</text>
				<event load="STORAGE_CHECK" />
			</choice>
			<choice>
				<text>Do nothing.</text>
				<event />
			</choice>
		</event>
	</choice>
</event>
<textList name="TEXT_AEA_OLD_CHOICE_MU">
	<text>Another detainee is located at this beacon, they don't seem interested in attacking you.</text>
	<text>"Captain, We don't want any trouble but if you force it we won't hold back"</text>
	<text>You've caught another vessel trapped in Lylmik space off gaurd and they haven't noticed you yet.</text>
</textList>

<event name="AEA_OLD_COLONY" unique="true">
	<text>You've arrived at the beacon to discover an entire civilian space station sitting in orbit around this beacon, you wonder how the Lylmiks even managed to bring it here.</text>
	<choice hidden="true">
		<text>Hail the station.</text>
		<event>
			<text>The station responds quickly, "Please. you've got to help us. Theres some maniac running around who keeps trying to destroy us, they'll be back at any moment."</text>
			<choice>
				<text>Help them deal with the threat.</text>
				<event>
					<text>It only takes a short while later before the ship shows up, you move in to block it's route to the station.</text>
					<ship load="SHIP_AEA_OLD_MU_STATIONDEFEND" hostile="true"/>
					<choice>
						<text>Continue...</text>
						<event load="COMBAT_CHECK"/>
					</choice>
				</event>
			</choice>
			<choice hidden="true">
				<text>Leave before this "maniac" gets here.</text>
				<event>
					<text>You prepare for the next jump.</text>
					<choice>
						<text>Do something onboard the ship.</text>
						<event load="STORAGE_CHECK" />
					</choice>
					<choice>
						<text>Do nothing.</text>
						<event />
					</choice>
				</event>
			</choice>
		</event>
	</choice>
	<choice hidden="true">
		<text>Avoid the ship.</text>
		<event>
			<text>You prepare for the next jump.</text>
			<choice>
				<text>Do something onboard the ship.</text>
				<event load="STORAGE_CHECK" />
			</choice>
			<choice>
				<text>Do nothing.</text>
				<event />
			</choice>
		</event>
	</choice>
</event>

<event name="AEA_OLD_COLONY_WIN">
	<text>"Thank the Lylmik you were here to save us, here have some supplies."</text>
	<autoReward level="HIGH">stuff</autoReward>
	<choice>
		<text>Continue...</text>
		<event/>
	</choice>
</event>

<event name="AEA_OLD_LIZZARD" unique="true">
	<preventQuest/>
	<text>Waiting for you at the beacon is a Lylmik vessel, your sensors pickup the crew scavenging the nearby debree field for parts, it isn't clear exactly what they're looking for.</text>
	<choice hidden="true">
		<text>Hail the ship.</text>
		<event>
			<text>The Lylmik barely pays attention to you as they pick up the hail "Buzz off stupid Renegade."</text>
			<!--choice hidden="true" req="JUDGELIST_ROCK_RENEGADE_LOOT">
				<text>(Renegade Loot)"Hang on we might have something you'll be interested in!"</text>
				<event>
					<text>"Hmm, perhaps you're right, what do you want for it?"</text>
					<choice>
						<text>A bunch of scrap.</text>
						<event>
							<item_modify>
								<item type="scrap" min="125" max="160" />
							</item_modify>
							<text>"An acceptable deal."</text>
							<remove name="JUDGELIST_ROCK_RENEGADE_LOOT"/>
							<choice hidden="true">
								<text>Continue...</text>
								<event/>
							</choice>
						</event>
					</choice>
					<choice>
						<text>A bunch of scrap and a replacement crewmember.</text>
						<event>
							<item_modify>
								<item type="scrap" min="80" max="120" />
							</item_modify>
							<crewMember  all_skills="2" amount="1" class="aea_old_1"/>
							<text>"An acceptable deal."</text>
							<remove name="JUDGELIST_ROCK_RENEGADE_LOOT"/>
							<choice hidden="true">
								<text>Continue...</text>
								<event/>
							</choice>
						</event>
					</choice>
					<choice>
						<text>Nevermind.</text>
						<event load="AEA_OLD_LIZZARD_NEVERMIND"/>
					</choice>
				</event>
			</choice-->
			<choice hidden="true" req="LIST_CREW_UNIQUE">
				<text>(Unique Crew)"Hang on we might have something you'll be interested in!"</text>
				<event>
					<text>"Hmm, perhaps you're right, what do you want for it?"</text>
					<choice>
						<text>A bunch of scrap.</text>
						<event>
							<item_modify>
								<item type="scrap" min="125" max="160" />
							</item_modify>
							<text>"An acceptable deal."</text>
							<removeCrew class="LIST_CREW_UNIQUE">
								<clone>false</clone>
								<text>They're just gone not dead. Yet.</text>
							</removeCrew>
							<choice hidden="true">
								<text>Continue...</text>
								<event>
									<text>It is only a moment after you deliver your crew over that you hear muffled screaming in the background, aswell as the clunk of heavy machinery...</text>
								</event>
							</choice>
						</event>
					</choice>
					<choice>
						<text>A bunch of scrap and a replacement crewmember.</text>
						<event>
							<item_modify>
								<item type="scrap" min="80" max="120" />
							</item_modify>
							<crewMember  all_skills="2" amount="1" class="aea_old_1"/>
							<text>"An acceptable deal."</text>
							<choice hidden="true">
								<text>Continue...</text>
								<event>
									<text>It is only a moment after you deliver your crew over that you hear muffled screaming in the background, aswell as the clunk of heavy machinery...</text>
									<removeCrew class="LIST_CREW_UNIQUE">
										<clone>false</clone>
										<text>.</text>
									</removeCrew>
									<choice>
										<text>Continue...</text>
										<event/>
									</choice>
								</event>
							</choice>
						</event>
					</choice>
					<choice>
						<text>Nevermind.</text>
						<event load="AEA_OLD_LIZZARD_NEVERMIND"/>
					</choice>
				</event>
			</choice>
			<choice hidden="false" >
				<text>"What about all this scrap we have?"</text>
				<event>
					<text>"Hmm, perhaps you're right, how about we give you a weapon we got from this weird ship we captured..."</text>
					<item_modify>
						<item type="scrap" min="-150" max="-150" />
					</item_modify>
					<weapon name="SHOP_ITEM_SYLVAN_BOSSLOOT"/>
					<choice>
						<text>Continue...</text>
						<event/>
					</choice>
				</event>
			</choice>
			<choice hidden="true" >
				<text>"Nevermind then..."</text>
				<event name="AEA_OLD_LIZZARD_NEVERMIND">
					<text>You decide not to interrupt the Lylmik vessel any further and fly away.</text>
					<choice>
						<text>Do something onboard the ship.</text>
						<event load="STORAGE_CHECK" />
					</choice>
					<choice>
						<text>Do nothing.</text>
						<event />
					</choice>
				</event>
			</choice>
		</event>
	</choice>
	<choice hidden="true">
		<text>Avoid the ship.</text>
		<event>
			<text>You decide not to interrupt the Lylmik vessel and fly away.</text>
			<choice>
				<text>Do something onboard the ship.</text>
				<event load="STORAGE_CHECK" />
			</choice>
			<choice>
				<text>Do nothing.</text>
				<event />
			</choice>
		</event>
	</choice>
</event>

<event name="AEA_OLD_ONCEUPONABAN" unique="true">
	<preventQuest/>
	<text>You discover a strange device sitting in orbit around the beacon, it appears Lylmik in design.</text>
	<choice hidden="true">
		<text>Poke at what appears to be a button.</text>
		<event load="AEA_OLD_BAN_LIST"/>
	</choice>
	<choice hidden="true" req="BLUELIST_AEA_OLD">
		<text>(Lylmik Crew) Activate the device.</text>
		<event load="AEA_OLD_BAN_GOODLIST"/>
	</choice>
	<choice hidden="true">
		<text>Shoot it.</text>
		<event>
			<text>A moment after it disapears you pickup a Lylmik jumping to the beacon. "Hey dude, that's not very cool of you, prepare to die."</text>
			<ship load="SHIP_AEA_OLD_ALL" hostile="true"/>
			<choice>
				<text>Continue...</text>
				<event load="COMBAT_CHECK"/>
			</choice>
		</event>
	</choice>
	<choice hidden="true">
		<text>Ignore it.</text>
		<event>
			<text>You decide not to mess with the device.</text>
			<choice>
				<text>Do something onboard the ship.</text>
				<event load="STORAGE_CHECK" />
			</choice>
			<choice>
				<text>Do nothing.</text>
				<event />
			</choice>
		</event>
	</choice>
</event>

<eventList name="AEA_OLD_BAN_LIST">
	<event load="AEA_OLD_BAN_GOODLIST"/>
	<event load="AEA_OLD_BAN_BADLIST"/>
</eventList>
<eventList name="AEA_OLD_BAN_GOODLIST">
	<event>
		<text>The device opens like a flower and inside is revealed to be a Lylmik weapon.</text>
		<weapon name="GIFTLIST_WEAPONS_AEA_OLD"/>
		<choice hidden="true">
			<text>Continue...</text>
			<event/>
		</choice>
	</event>
	<event>
		<text>The device opens like a flower and inside is revealed to be a drone.</text>
		<drone name="RANDOM"/>
		<choice hidden="true">
			<text>Continue...</text>
			<event/>
		</choice>
	</event>
	<event>
		<text>The device opens like a flower and inside is revealed to be a Lylmik crewmember who offers to join your crew.</text>
		<crewMember  all_skills="2" amount="1" class="aea_old_1"/>
		<choice hidden="true">
			<text>Continue...</text>
			<event/>
		</choice>
	</event>
</eventList>
<eventList name="AEA_OLD_BAN_BADLIST">
	<event>
		<text>The device starts beeping and flashing red. You manage to make it back to the ship just in time for it to explode and damage your hull.</text>
		<damage amount="5" />	
		<choice hidden="true">
			<text>Continue...</text>
			<event/>
		</choice>
	</event>
	<event>
		<text>The device starts beeping and flashing red. You manage to make it back to the ship just in time for it to spit out three Lylmiks who promptly board you ship.</text>
		<boarders min="3" max="3" class="aea_old_1" />
		<choice hidden="true">
			<text>Continue...</text>
			<event/>
		</choice>
	</event>
</eventList>

<event name="AEA_OLD_MFK_SAVE" unique="true">
	<text>You arrive at the beacon to discover a small MFK shuttle being battered about by a Lylmik vessel. The rebel shuttle attempts to hail you.</text>
	<ship load="SHIP_AEA_OLD_ALL" hostile="false"/>
	<choice hidden="true">
		<text>Respond to the hail.</text>
		<event>
			<text>"Please get me out of here, those stupid aliens having been playing with me. I'll join your crew if only you let me repay those scum."</text>
			<choice hidden="true">
				<text>Accept them aboard.</text>
				<event>
					<text>"This is why all xenos deserve death." Clearly the Lylmik's have a similar idea as they move to attack.</text>
					<crewMember all_skills="2" amount="1" class="human_mfk"/>
					<ship hostile="true"/>
					<choice>
						<text>Continue...</text>
						<event load="COMBAT_CHECK"/>
					</choice>
				</event>
			</choice>
			<choice hidden="true">
				<text>Refuse.</text>
				<event>
					<text>You decide not to interfere in the Lylmik's fun.</text>
					<choice>
						<text>Do something onboard the ship.</text>
						<event load="STORAGE_CHECK" />
					</choice>
					<choice>
						<text>Do nothing.</text>
						<event />
					</choice>
				</event>
			</choice>
		</event>
	</choice>
	<choice hidden="true">
		<text>Ignore the ships.</text>
		<event>
			<text>You decide not to interfere in the Lylmik's fun.</text>
			<choice>
				<text>Do something onboard the ship.</text>
				<event load="STORAGE_CHECK" />
			</choice>
			<choice>
				<text>Do nothing.</text>
				<event />
			</choice>
		</event>
	</choice>
</event>

<event name="AEA_OLD_LYLMIK_GONE" unique="true">
	<text>You're confronted by a Lylmik vessel as you arrive at the beacon, it only takes you a moment to realize the ship is almost completely powered down.</text>
	<ship load="SHIP_AEA_OLD_ALL" hostile="false"/>
	<choice hidden="true">
		<text>Attack the vessel while it's powered down.</text>
		<event>
			<text>As you activate your weapons the enemy ship comes online in response.</text>
			<ship hostile="true"/>
			<choice>
				<text>Continue...</text>
				<event load="COMBAT_CHECK"/>
			</choice>
		</event>
	</choice>
	<choice hidden="true">
		<text>Wait.</text>
		<event load="AEA_OLD_LYLMIK_GONE_LIST"/>
	</choice>
	<choice hidden="true">
		<text>Ignore it.</text>
		<event>
			<text>You fly away and decide not to mess with the ship.</text>
			<choice>
				<text>Do something onboard the ship.</text>
				<event load="STORAGE_CHECK" />
			</choice>
			<choice>
				<text>Do nothing.</text>
				<event />
			</choice>
		</event>
	</choice>
</event>

<eventList name="AEA_OLD_LYLMIK_GONE_LIST">
	<event>
		<text>As it turns out, the crew of the ship were actually just asleep. They come back online and immediately activate their weapons in your general direction.</text>
		<ship hostile="true"/>
		<choice>
			<text>Continue...</text>
			<event load="COMBAT_CHECK"/>
		</choice>
	</event>
	<event>
		<text>After a while, there are still no signs of life from the ship... literally, in fact, as closer inspection of the ship's scans reveal no one is on board. Sensors did pick up what appears to be a note taped to the ship, reading "Went on an errand, be back in about 200 years." You're able to salvage the vessel with no risk.</text>
		<autoReward level="HIGH">standard</autoReward>
		<choice>
			<text>Continue...</text>
			<event/>
		</choice>
	</event>
</eventList>

<!--
\\\\\\\\\\\\\\\\\\\\\\\\\\\\\\\\\\\\\\\\\\\\\\\\\\\\\\\\\\\\\\\\\\\\\\\\\\\\\\\\\\\\\\\\\\\\\\\\\\\\\\\\\\\\\\\\\\\\\\\\\\\\\\\\\\\\\\
\\\\\\\\\\\\\\\\\\\\\\\\\\\\\\\\\\\\\\\\\\\\\\\\\\\\\\\\\\\\\\\\\\\\\\\\\\\\\\\\\\\\\\\\\\\\\\\\\\\\\\\\\\\\\\\\\\\\\\\\\\\\\\\\\\\\\\
					DISTRESS EVENTS ()
\\\\\\\\\\\\\\\\\\\\\\\\\\\\\\\\\\\\\\\\\\\\\\\\\\\\\\\\\\\\\\\\\\\\\\\\\\\\\\\\\\\\\\\\\\\\\\\\\\\\\\\\\\\\\\\\\\\\\\\\\\\\\\\\\\\\\\
\\\\\\\\\\\\\\\\\\\\\\\\\\\\\\\\\\\\\\\\\\\\\\\\\\\\\\\\\\\\\\\\\\\\\\\\\\\\\\\\\\\\\\\\\\\\\\\\\\\\\\\\\\\\\\\\\\\\\\\\\\\\\\\\\\\\\\
-->

<!--
\\\\\\\\\\\\\\\\\\\\\\\\\\\\\\\\\\\\\\\\\\\\\\\\\\\\\\\\\\\\\\\\\\\\\\\\\\\\\\\\\\\\\\\\\\\\\\\\\\\\\\\\\\\\\\\\\\\\\\\\\\\\\\\\\\\\\\
\\\\\\\\\\\\\\\\\\\\\\\\\\\\\\\\\\\\\\\\\\\\\\\\\\\\\\\\\\\\\\\\\\\\\\\\\\\\\\\\\\\\\\\\\\\\\\\\\\\\\\\\\\\\\\\\\\\\\\\\\\\\\\\\\\\\\\
					QUEST EVENTS ()
\\\\\\\\\\\\\\\\\\\\\\\\\\\\\\\\\\\\\\\\\\\\\\\\\\\\\\\\\\\\\\\\\\\\\\\\\\\\\\\\\\\\\\\\\\\\\\\\\\\\\\\\\\\\\\\\\\\\\\\\\\\\\\\\\\\\\\
\\\\\\\\\\\\\\\\\\\\\\\\\\\\\\\\\\\\\\\\\\\\\\\\\\\\\\\\\\\\\\\\\\\\\\\\\\\\\\\\\\\\\\\\\\\\\\\\\\\\\\\\\\\\\\\\\\\\\\\\\\\\\\\\\\\\\\
-->

<!--
\\\\\\\\\\\\\\\\\\\\\\\\\\\\\\\\\\\\\\\\\\\\\\\\\\\\\\\\\\\\\\\\\\\\\\\\\\\\\\\\\\\\\\\\\\\\\\\\\\\\\\\\\\\\\\\\\\\\\\\\\\\\\\\\\\\\\\
\\\\\\\\\\\\\\\\\\\\\\\\\\\\\\\\\\\\\\\\\\\\\\\\\\\\\\\\\\\\\\\\\\\\\\\\\\\\\\\\\\\\\\\\\\\\\\\\\\\\\\\\\\\\\\\\\\\\\\\\\\\\\\\\\\\\\\
					HOSTILE EVENTS ()
\\\\\\\\\\\\\\\\\\\\\\\\\\\\\\\\\\\\\\\\\\\\\\\\\\\\\\\\\\\\\\\\\\\\\\\\\\\\\\\\\\\\\\\\\\\\\\\\\\\\\\\\\\\\\\\\\\\\\\\\\\\\\\\\\\\\\\
\\\\\\\\\\\\\\\\\\\\\\\\\\\\\\\\\\\\\\\\\\\\\\\\\\\\\\\\\\\\\\\\\\\\\\\\\\\\\\\\\\\\\\\\\\\\\\\\\\\\\\\\\\\\\\\\\\\\\\\\\\\\\\\\\\\\\\
-->
<eventList name="HOSTILE_AEA_OLD_1">
	<event load="ENCOUNTER_AEA_OLD_1" />
	<event load="ENCOUNTER_AEA_OLD_1" />
	<event load="ENCOUNTER_AEA_OLD_1" />
	<event load="ENCOUNTER_AUTO_ION" />
</eventList>

<event name="ENCOUNTER_AEA_OLD_1">
	<text load="TEXT_ENCOUNTER_AEA_OLD_1_FIGHT" />
	<ship load="SHIP_AEA_OLD_MU_ALL" hostile="true" /> 
	<choice hidden="true">
		<text>Continue...</text>
		<event load="COMBAT_CHECK" />
	</choice>
</event>
<textList name="TEXT_ENCOUNTER_AEA_OLD_1_FIGHT">
	<text>A large vessel approaches you, it appears they're interested in getting their hands on any of the new tech you might have on your ship.</text>
	<text>It's clear the ship moving in to attack you has only survived so long from being incredibly dangerous.</text>
	<text>The only way to survive trapped in this section of the Multiverse is to take resources from others, and theres a survivor approaching you now.</text>
	<text>Although against killing themselves, the Lylmik do nothing about keeping citizens of their realm from killing each other. As it happens a citizen moving into an attack position.</text>
</textList>

<!--
\\\\\\\\\\\\\\\\\\\\\\\\\\\\\\\\\\\\\\\\\\\\\\\\\\\\\\\\\\\\\\\\\\\\\\\\\\\\\\\\\\\\\\\\\\\\\\\\\\\\\\\\\\\\\\\\\\\\\\\\\\\\\\\\\\\\\\
\\\\\\\\\\\\\\\\\\\\\\\\\\\\\\\\\\\\\\\\\\\\\\\\\\\\\\\\\\\\\\\\\\\\\\\\\\\\\\\\\\\\\\\\\\\\\\\\\\\\\\\\\\\\\\\\\\\\\\\\\\\\\\\\\\\\\\
					UNIQUE EVENTS
\\\\\\\\\\\\\\\\\\\\\\\\\\\\\\\\\\\\\\\\\\\\\\\\\\\\\\\\\\\\\\\\\\\\\\\\\\\\\\\\\\\\\\\\\\\\\\\\\\\\\\\\\\\\\\\\\\\\\\\\\\\\\\\\\\\\\\
\\\\\\\\\\\\\\\\\\\\\\\\\\\\\\\\\\\\\\\\\\\\\\\\\\\\\\\\\\\\\\\\\\\\\\\\\\\\\\\\\\\\\\\\\\\\\\\\\\\\\\\\\\\\\\\\\\\\\\\\\\\\\\\\\\\\\\
-->

<!--
\\\\\\\\\\\\\\\\\\\\\\\\\\\\\\\\\\\\\\\\\\\\\\\\\\\\\\\\\\\\\\\\\\\\\\\\\\\\\\\\\\\\\\\\\\\\\\\\\\\\\\\\\\\\\\\\\\\\\\\\\\\\\\\\\\\\\\
\\\\\\\\\\\\\\\\\\\\\\\\\\\\\\\\\\\\\\\\\\\\\\\\\\\\\\\\\\\\\\\\\\\\\\\\\\\\\\\\\\\\\\\\\\\\\\\\\\\\\\\\\\\\\\\\\\\\\\\\\\\\\\\\\\\\\\
					SPECIAL EVENTS
\\\\\\\\\\\\\\\\\\\\\\\\\\\\\\\\\\\\\\\\\\\\\\\\\\\\\\\\\\\\\\\\\\\\\\\\\\\\\\\\\\\\\\\\\\\\\\\\\\\\\\\\\\\\\\\\\\\\\\\\\\\\\\\\\\\\\\
\\\\\\\\\\\\\\\\\\\\\\\\\\\\\\\\\\\\\\\\\\\\\\\\\\\\\\\\\\\\\\\\\\\\\\\\\\\\\\\\\\\\\\\\\\\\\\\\\\\\\\\\\\\\\\\\\\\\\\\\\\\\\\\\\\\\\\
-->


</FTL>
