<FTL>
<!--
\\\\\\\\\\\\\\\\\\\\\\\\\\\\\\\\\\\\\\\\\\\\\\\\\\\\\\\\\\\\\\\\\\\\\\\\\\\\\\\\\\\\\\\\\\\\\\\\\\\\\\\\\\\\\\\\\\\\\\\\\\\\\\\\\\\\\\
\\\\\\\\\\\\\\\\\\\\\\\\\\\\\\\\\\\\\\\\\\\\\\\\\\\\\\\\\\\\\\\\\\\\\\\\\\\\\\\\\\\\\\\\\\\\\\\\\\\\\\\\\\\\\\\\\\\\\\\\\\\\\\\\\\\\\\
\\\\\\\\\\\\\\\\\\\\\\\\\\\\\\\\\\\\\\\\\\\\\\\\\\\\\\\\\\\\\\\\\\\\\\\\\\\\\\\\\\\\\\\\\\\\\\\\\\\\\\\\\\\\\\\\\\\\\\\\\\\\\\\\\\\\\\
\\\\\\\\\\\\\\\\\\\\\\\\\\\\\\\\\\\\\\\\\\\\\\\\\\\\\\\\\\\\\\\\\\\\\\\\\\\\\\\\\\\\\\\\\\\\\\\\\\\\\\\\\\\\\\\\\\\\\\\\\\\\\\\\\\\\\\
					AEA_BIRD
\\\\\\\\\\\\\\\\\\\\\\\\\\\\\\\\\\\\\\\\\\\\\\\\\\\\\\\\\\\\\\\\\\\\\\\\\\\\\\\\\\\\\\\\\\\\\\\\\\\\\\\\\\\\\\\\\\\\\\\\\\\\\\\\\\\\\\
\\\\\\\\\\\\\\\\\\\\\\\\\\\\\\\\\\\\\\\\\\\\\\\\\\\\\\\\\\\\\\\\\\\\\\\\\\\\\\\\\\\\\\\\\\\\\\\\\\\\\\\\\\\\\\\\\\\\\\\\\\\\\\\\\\\\\\
\\\\\\\\\\\\\\\\\\\\\\\\\\\\\\\\\\\\\\\\\\\\\\\\\\\\\\\\\\\\\\\\\\\\\\\\\\\\\\\\\\\\\\\\\\\\\\\\\\\\\\\\\\\\\\\\\\\\\\\\\\\\\\\\\\\\\\
\\\\\\\\\\\\\\\\\\\\\\\\\\\\\\\\\\\\\\\\\\\\\\\\\\\\\\\\\\\\\\\\\\\\\\\\\\\\\\\\\\\\\\\\\\\\\\\\\\\\\\\\\\\\\\\\\\\\\\\\\\\\\\\\\\\\\\
-->	

<textList name="TEXT_START_AEA_BIRD">
	<text>You have arrived in Gi space. The Gi may not be part of the federation, however they're still close allies and firmly against the rebellion. The Rebellion will still struggle to sneak its way into here.</text>
	<text>You have arrived in Gi space. Lots of friendly faces will be here, but there will be plenty of Rebel scum invading as well.</text>
	<text>You have arrived in Gi space. This may be a sector full of allies, but it is bound to attract plenty of Rebels too.</text>
</textList>
<event name="START_AEA_BIRD">
	<metaVariable name="juke_aea_bird" op="set" val="1" />
	<preventQuest />
	<beaconType id="map_icon_start" global="false">
		<color r="46" g="252" b="51" a="1" />
	</beaconType>
	<text load="TEXT_START_AEA_BIRD" />
	<ship load="SHIP_GUARD_AEA_BIRD" hostile="false" />
	<customFleet right="false" firing="true" autoDarkening="false">CUSTOM_FLEET_FED</customFleet>
	<changeBackground>BACK_SECTOR_FEDERATION</changeBackground>
	<playSound>lightspeed</playSound>
	<choice hidden="true" req="rep_comb_federation" lvl="-999" max_lvl="2" max_group="0" blue="false">
		<text>Continue...</text>
		<event load="GUARD_AEA_BIRD" />
	</choice>
	<choice hidden="true" req="rep_comb_federation" lvl="3" max_lvl="999" max_group="0" blue="false">
		<text>Continue...</text>
		<event load="GUARD_AEA_BIRD_CRIMINAL" />
	</choice>
</event>

<event name="GUARD_AEA_BIRD">
	<text>This sector is protected by a combined guard of federation and Gi ships. Several support ships linger in the background, offering aid to other friendly ships in the district.</text>
	<modifyPursuit amount="-2" />
	<choice>
		<text>Request support.</text>
		<event load="GUARD_AEA_BIRD_SUPPORT" />
	</choice>
	<choice>
		<text>Attack the guard.</text>
		<event>
			<text>The guard's captain is shocked that you've turned on them. "You must be a Rebel spy! We won't take this lightly!"</text>
			<ship hostile="true" />
			<choice hidden="true">
				<text>Continue...</text>
				<event load="MORALITY_UPDATE_GENERAL_FIGHT" />
			</choice>
		</event>
	</choice>
	<choice>
		<text>Ignore the guard.</text>
		<event>
			<text>You now have some time to do something on the ship.</text>
			<choice>
				<text>Do something onboard the ship.</text>
				<event load="STORAGE_CHECK" />
			</choice>
			<choice>
				<text>Do nothing.</text>
				<event />
			</choice>
		</event>
	</choice>
</event>

<event name="GUARD_AEA_BIRD_CRIMINAL">
	<text>Something seems off here. Usually, the Gi would certainly not bat an eye at a ship like yours, but now, you catch suspicious chatter on the guard ship.</text>
	<choice hidden="true">
		<text>Continue...</text>
		<event>
			<text>It seems your track record has caught up to you. The guard's crew have heard enough of the crimes you've been committing, and they don't intend to let you into the sector!.</text>
			<ship hostile="true" />
			<choice hidden="true">
				<text>Continue...</text>
				<event load="COMBAT_CHECK" />
			</choice>
		</event>
	</choice>
</event>

<event name="GUARD_AEA_BIRD_SUPPORT">
	<text>The guard puts you on a secure line with one of the nearby support ships, who awaits your command.</text>
	<choice hidden="true">
		<text>Repairs.</text>
		<event>
			<text>Several repair drones are dispatched to repair you.</text>
			<damage amount="-5" />
		</event>
	</choice>
	<choice hidden="true">
		<text>Fuel.</text>
		<event>
			<text>A refueling drone is dispatched to refuel your ship.</text>
			<item_modify>
				<item type="fuel" min="3" max="3" />
			</item_modify>
		</event>
	</choice>
	<choice hidden="true">
		<text>Ammo.</text>
		<event>
			<text>A resupply drone is dispatched to resupply your ship.</text>
			<item_modify>
				<item type="missiles" min="2" max="2" />
			</item_modify>
		</event>
	</choice>
	<choice hidden="true">
		<text>Drone parts.</text>
		<event>
			<text>A resupply drone is dispatched to resupply your ship.</text>
			<item_modify>
				<item type="drones" min="2" max="2" />
			</item_modify>
		</event>
	</choice>
</event>

<ship name="SHIP_GUARD_AEA_BIRD" auto_blueprint="LIST_SHIPS_AEA_BIRD_ELITE_FIGHT">
	<surrender min="999" max="999" load="GUARD_SIGNAL" />
	<destroyed load="GUARD_AEA_BIRD_DESTROY" />
	<deadCrew load="GUARD_AEA_BIRD_DEADCREW" />
</ship>

<event name="GUARD_AEA_BIRD_DESTROY">
	<text>You have defeated the Gi guard. Whatever might have been in their cargo has for certain been destroyed, but you can at least salvage some supplies from the ship.</text>
	<autoReward level="MED">standard</autoReward>
	<choice hidden="true">
		<text>Continue...</text>
		<event load="GUARD_AEA_BIRD_FOLLOWUP" />
	</choice>
</event>
<event name="GUARD_AEA_BIRD_DEADCREW">
	<text>You have defeated the Gi guard. Without crew on board to stop you, you can investigate their cargo. You find a weapon to bring back to the ship, and move on to scrap their hull.</text>
	<autoReward level="MED">standard</autoReward>
	<drone name="GIFTLIST_DRONES_AEA_BIRD" />
	<choice hidden="true">
		<text>Continue...</text>
		<event load="GUARD_AEA_BIRD_FOLLOWUP" />
	</choice>
</event>

<ship name="SHIP_AEA_BIRD_REINFORCEMENTS" auto_blueprint="LIST_SHIPS_AEA_BIRD_ELITE_FIGHT">
	<destroyed load="DESTROYED_REINFORCEMENTS" />
	<deadCrew load="DEADCREW_REINFORCEMENTS" />
</ship>
<event name="GUARD_AEA_BIRD_FOLLOWUP">
	<noQuestText />
	<removeHazards />
	<clearCustomFleet />
	<text>By killing the Gi guard, you have no doubt caused them to dispatch reinforcements to track you down. Watch your step as you explore the sector.</text>
	<quest event="REINFORCEMENTS_AEA_BIRD" />
	<choice>
		<text>Do something onboard the ship.</text>
		<event load="STORAGE_CHECK" />
	</choice>
	<choice>
		<text>Do nothing.</text>
		<event />
	</choice>
</event>
<event name="REINFORCEMENTS_AEA_BIRD">
	<preventQuest />
	<beaconType id="map_icon_reinforcements" global="true" req="LOOT_COMPASS">
		<color r="200" g="55" b="82" a="1" />
		<unvisitedTooltip>An unvisited location.</unvisitedTooltip>
		<visitedTooltip>Explored location. Nothing left of interest.</visitedTooltip>
		<undiscoveredTooltip>An unvisited location.</undiscoveredTooltip>
	</beaconType>
	<text>You catch sight of a rare Gi Elite, but they don't seem pleased to see you. The ship moves in to attack, and it doesn't take long for you to realize this is one of the ships sent by the guards to hunt you down for attacking.</text>
	<ship load="SHIP_AEA_BIRD_REINFORCEMENTS" hostile="true" />
	<environment type="PDS" target="player" />
	<choice hidden="true">
		<text>Continue...</text>
		<event load="COMBAT_CHECK" />
	</choice>
</event>
<!--
\\\\\\\\\\\\\\\\\\\\\\\\\\\\\\\\\\\\\\\\\\\\\\\\\\\\\\\\\\\\\\\\\\\\\\\\\\\\\\\\\\\\\\\\\\\\\\\\\\\\\\\\\\\\\\\\\\\\\\\\\\\\\\\\\\\\\\
\\\\\\\\\\\\\\\\\\\\\\\\\\\\\\\\\\\\\\\\\\\\\\\\\\\\\\\\\\\\\\\\\\\\\\\\\\\\\\\\\\\\\\\\\\\\\\\\\\\\\\\\\\\\\\\\\\\\\\\\\\\\\\\\\\\\\\
\\\\\\\\\\\\\\\\\\\\\\\\\\\\\\\\\\\\\\\\\\\\\\\\\\\\\\\\\\\\\\\\\\\\\\\\\\\\\\\\\\\\\\\\\\\\\\\\\\\\\\\\\\\\\\\\\\\\\\\\\\\\\\\\\\\\\\
\\\\\\\\\\\\\\\\\\\\\\\\\\\\\\\\\\\\\\\\\\\\\\\\\\\\\\\\\\\\\\\\\\\\\\\\\\\\\\\\\\\\\\\\\\\\\\\\\\\\\\\\\\\\\\\\\\\\\\\\\\\\\\\\\\\\\\
					AEA_BIRD UNIQUE
\\\\\\\\\\\\\\\\\\\\\\\\\\\\\\\\\\\\\\\\\\\\\\\\\\\\\\\\\\\\\\\\\\\\\\\\\\\\\\\\\\\\\\\\\\\\\\\\\\\\\\\\\\\\\\\\\\\\\\\\\\\\\\\\\\\\\\
\\\\\\\\\\\\\\\\\\\\\\\\\\\\\\\\\\\\\\\\\\\\\\\\\\\\\\\\\\\\\\\\\\\\\\\\\\\\\\\\\\\\\\\\\\\\\\\\\\\\\\\\\\\\\\\\\\\\\\\\\\\\\\\\\\\\\\
\\\\\\\\\\\\\\\\\\\\\\\\\\\\\\\\\\\\\\\\\\\\\\\\\\\\\\\\\\\\\\\\\\\\\\\\\\\\\\\\\\\\\\\\\\\\\\\\\\\\\\\\\\\\\\\\\\\\\\\\\\\\\\\\\\\\\\
\\\\\\\\\\\\\\\\\\\\\\\\\\\\\\\\\\\\\\\\\\\\\\\\\\\\\\\\\\\\\\\\\\\\\\\\\\\\\\\\\\\\\\\\\\\\\\\\\\\\\\\\\\\\\\\\\\\\\\\\\\\\\\\\\\\\\\
-->	

<textList name="TEXT_START_AEA_BIRD">
	<text>You have arrived in Gi space. The Gi may not be part of the federation, however they're still close allies and firmly against the rebellion. The Rebellion will still struggle to sneak its way into here.</text>
	<text>You have arrived in Gi space. Lots of friendly faces will be here, but there will be plenty of Rebel scum invading as well.</text>
	<text>You have arrived in Gi space. This may be a sector full of allies, but it is bound to attract plenty of Rebels too.</text>
</textList>
<event name="START_AEA_BIRD_UNIQUE">
	<metaVariable name="juke_aea_bird" op="set" val="1" />
	<preventQuest />
	<beaconType id="map_icon_start" global="false">
		<color r="46" g="252" b="51" a="1" />
	</beaconType>
	<text load="TEXT_START_AEA_BIRD" />
	<ship load="SHIP_GUARD_AEA_BIRD_UNIQUE" hostile="false" />
	<customFleet right="false" firing="true" autoDarkening="false">CUSTOM_FLEET_FED</customFleet>
	<changeBackground>BACK_SECTOR_FEDERATION</changeBackground>
	<playSound>lightspeed</playSound>
	<choice hidden="true" req="rep_comb_federation" lvl="-999" max_lvl="2" max_group="0" blue="false">
		<text>Continue...</text>
		<event load="GUARD_AEA_BIRD" />
	</choice>
	<choice hidden="true" req="rep_comb_federation" lvl="3" max_lvl="999" max_group="0" blue="false">
		<text>Continue...</text>
		<event load="GUARD_AEA_BIRD_CRIMINAL" />
	</choice>
</event>

<ship name="SHIP_GUARD_AEA_BIRD_UNIQUE" auto_blueprint="AEA_BIRD_MOTHERSHIP_ELITE">
	<surrender min="999" max="999" load="GUARD_SIGNAL" />
	<destroyed load="GUARD_AEA_BIRD_DESTROY" />
	<deadCrew load="GUARD_AEA_BIRD_DEADCREW" />
</ship>

<!--
\\\\\\\\\\\\\\\\\\\\\\\\\\\\\\\\\\\\\\\\\\\\\\\\\\\\\\\\\\\\\\\\\\\\\\\\\\\\\\\\\\\\\\\\\\\\\\\\\\\\\\\\\\\\\\\\\\\\\\\\\\\\\\\\\\\\\\
\\\\\\\\\\\\\\\\\\\\\\\\\\\\\\\\\\\\\\\\\\\\\\\\\\\\\\\\\\\\\\\\\\\\\\\\\\\\\\\\\\\\\\\\\\\\\\\\\\\\\\\\\\\\\\\\\\\\\\\\\\\\\\\\\\\\\\
					FED
\\\\\\\\\\\\\\\\\\\\\\\\\\\\\\\\\\\\\\\\\\\\\\\\\\\\\\\\\\\\\\\\\\\\\\\\\\\\\\\\\\\\\\\\\\\\\\\\\\\\\\\\\\\\\\\\\\\\\\\\\\\\\\\\\\\\\\
\\\\\\\\\\\\\\\\\\\\\\\\\\\\\\\\\\\\\\\\\\\\\\\\\\\\\\\\\\\\\\\\\\\\\\\\\\\\\\\\\\\\\\\\\\\\\\\\\\\\\\\\\\\\\\\\\\\\\\\\\\\\\\\\\\\\\\
-->	
<eventList name="STORELIST_AEA_BIRD">
	<event load="STOREEVENT_ALIENS" />
	<event load="STOREEVENT_OUTPOST" />
	<event load="STOREEVENT_DAMAGED" />
	<event load="STOREEVENT_TERRAFORMING" />
	<event load="STOREEVENT_WEATHER_STUCK" />
	
	<event load="STOREEVENT_FED_AUTO" />
	<event load="STOREEVENT_FED_MARKET" />
	<event load="STOREEVENT_FED_OUTPOSTDAMAGE" />
	<event load="STOREEVENT_FED_NOTFREE" />
	
	<event load="STOREEVENT_UNION_WAR_ORPHANS" />

	<event load="STOREEVENT_ENGI_SMITH" />
	
	<event load="STOREEVENT_ZOLTAN_MERCHANT" />
	
	<event load="STOREEVENT_FREEMANTIS_FREE" />
	
	<event load="STOREEVENT_REBEL_FRIENDLY" />
	
	<event load="STOREEVENT_TONY" />
</eventList>

<!--
\\\\\\\\\\\\\\\\\\\\\\\\\\\\\\\\\\\\\\\\\\\\\\\\\\\\\\\\\\\\\\\\\\\\\\\\\\\\\\\\\\\\\\\\\\\\\\\\\\\\\\\\\\\\\\\\\\\\\\\\\\\\\\\\\\\\\\
\\\\\\\\\\\\\\\\\\\\\\\\\\\\\\\\\\\\\\\\\\\\\\\\\\\\\\\\\\\\\\\\\\\\\\\\\\\\\\\\\\\\\\\\\\\\\\\\\\\\\\\\\\\\\\\\\\\\\\\\\\\\\\\\\\\\\\
					AEA_BIRD
\\\\\\\\\\\\\\\\\\\\\\\\\\\\\\\\\\\\\\\\\\\\\\\\\\\\\\\\\\\\\\\\\\\\\\\\\\\\\\\\\\\\\\\\\\\\\\\\\\\\\\\\\\\\\\\\\\\\\\\\\\\\\\\\\\\\\\
\\\\\\\\\\\\\\\\\\\\\\\\\\\\\\\\\\\\\\\\\\\\\\\\\\\\\\\\\\\\\\\\\\\\\\\\\\\\\\\\\\\\\\\\\\\\\\\\\\\\\\\\\\\\\\\\\\\\\\\\\\\\\\\\\\\\\\
-->	
<ship name="SHIP_AEA_BIRD_TRANSPORT_LOOT" auto_blueprint="AEA_BIRD_TRANSPORT">
	<escape timer="40" min="999" max="999">
		<text>They look like they don't want to fight. They are trying to escape.</text>
		<ship hostile="true" />
	</escape>
	<destroyed load="TRANSPORT_DESTROYED" />
	<deadCrew load="TRANSPORT_CAPTURE_AEA_BIRD" />
</ship>

<event name="TRANSPORT_AEA_BIRD_LOOT" unique="true">
	<preventQuest />
	<beaconType id="map_icon_transport" global="true" req="LOOT_COMPASS">
		<color r="255" g="186" b="0" a="1" />
		<unvisitedTooltip>An unvisited location.</unvisitedTooltip>
		<visitedTooltip>Explored location. Nothing left of interest.</visitedTooltip>
		<undiscoveredTooltip>An unvisited location.</undiscoveredTooltip>
	</beaconType>
	<text>This beacon hosts a Gi transport. It's safe to bet the ship is most likely carrying some special tech. If you can kill its crew, their cargo will be yours.</text>
   <ship load="SHIP_AEA_BIRD_TRANSPORT_LOOT" hostile="false" />
    <choice>
        <text>Demand the surrender of their goods.</text>
        <event>
            <text>You prepare to secure their cargo by force.</text>
            <ship hostile="true" />
            <choice hidden="true">
                <text>Continue...</text>
                <event load="MORALITY_UPDATE_GENERAL_FIGHT" />
            </choice>
        </event>
    </choice>
	<choice req="AEA_CREW_CREW_MORAL">
        <text>(Gi or Federation Elite + Good Reputation) Talk to the transport.</text>
        <event>
            <text>Your crew speaks to the transport's captain, explaining the importance of your mission. The transport's captain seems to understand, but also mentions the cargo they're carrying is vital to that same mission. If you're willing to pay in compensation, they're willing to make an exception.</text>
            <choice>
				<text>Buy the cargo.</text>
				<event>
					<text>The transaction is done. With the looks of it, this piece of equipment might prove useful.</text>
					<achievement>ACH_TRANS_CONVINCE</achievement>
					<drone name="LIST_LOOT_AEA_BIRD" />
					<item_modify>
						<item type="scrap" min="-75" max="-60" />
					</item_modify>
					<choice>
						<text>Continue...</text>
						<event>
							<achievement>ACH_TRANS_AEA_BIRD</achievement>
						</event>
					</choice>
				</event>
			</choice>
			<choice>
				<text>Refuse and attack the transport.</text>
				<event>
					<text>You prepare to secure their cargo by force.</text>
					<ship hostile="true" />
					<choice hidden="true">
						<text>Continue...</text>
						<event load="MORALITY_UPDATE_GENERAL_FIGHT" />
					</choice>
				</event>
			</choice>
			<choice hidden="true">
				<text>Nevermind.</text>
				<event>
					<text>The transport captain shrugs and continues on their way.</text>
					<choice hidden="true">
						<text>Do something onboard the ship.</text>
						<event load="STORAGE_CHECK" />
					</choice>
					<choice hidden="true">
						<text>Do nothing.</text>
						<event />
					</choice>
				</event>
			</choice>
        </event>
    </choice>
	<choice>
        <text>Avoid the ship.</text>
        <event>
            <text>They stay outside your weapons range, and eventually jump away.</text>
			<choice hidden="true">
				<text>Do something onboard the ship.</text>
				<event load="STORAGE_CHECK" />
			</choice>
			<choice hidden="true">
				<text>Do nothing.</text>
				<event />
			</choice>
        </event>
    </choice>
</event>
<event name="TRANSPORT_CAPTURE_AEA_BIRD" unique="true">
	<text>The crew is dead, leaving you with the ship. Its cargo is yours for the taking. Aboard is the special tech you expected, which you bring back to your ship.</text>
	<autoReward level="MED">standard_no_item</autoReward>
	<drone name="LIST_LOOT_AEA_BIRD" />
	<variable name="ach_trans_aea_bird" op="set" val="1" />
	<achievement>ACH_TRANS_AEA_BIRD</achievement>
</event>

<!--
\\\\\\\\\\\\\\\\\\\\\\\\\\\\\\\\\\\\\\\\\\\\\\\\\\\\\\\\\\\\\\\\\\\\\\\\\\\\\\\\\\\\\\\\\\\\\\\\\\\\\\\\\\\\\\\\\\\\\\\\\\\\\\\\\\\\\\
\\\\\\\\\\\\\\\\\\\\\\\\\\\\\\\\\\\\\\\\\\\\\\\\\\\\\\\\\\\\\\\\\\\\\\\\\\\\\\\\\\\\\\\\\\\\\\\\\\\\\\\\\\\\\\\\\\\\\\\\\\\\\\\\\\\\\\
					AEA_BIRD
\\\\\\\\\\\\\\\\\\\\\\\\\\\\\\\\\\\\\\\\\\\\\\\\\\\\\\\\\\\\\\\\\\\\\\\\\\\\\\\\\\\\\\\\\\\\\\\\\\\\\\\\\\\\\\\\\\\\\\\\\\\\\\\\\\\\\\
\\\\\\\\\\\\\\\\\\\\\\\\\\\\\\\\\\\\\\\\\\\\\\\\\\\\\\\\\\\\\\\\\\\\\\\\\\\\\\\\\\\\\\\\\\\\\\\\\\\\\\\\\\\\\\\\\\\\\\\\\\\\\\\\\\\\\\
-->	
<event name="DESTROYED_AEA_BIRD">
	<text load="TEXT_DESTROYED_AEA_BIRD" />
	<autoReward level="MED">standard</autoReward>
</event>
<textList name="TEXT_DESTROYED_AEA_BIRD">
    <text>"MAYDAY! MAYDAY! MAY-" The Federation captain's desperate cry for help is suddenly silenced by the destruction of their ship.</text>
    <text>When future ships come across this wreck, it's likely people will assume this to be the job of Rebels or Pirates. But the trail will eventually lead to you.</text>
    <text>It's a shame, seeing the brand new models of the Federation dispatched so quickly. When the Federation pushed to manufacture updated designs, they had conflict with Rebels in mind... but not necessarily their own hired Renegades.</text>
    <text>You're struck by an eerie feeling as you watch a Federation ship get reduced to smithereens - but at least it wasn't your's.</text>
    <text>One last explosion marks the Federation captain's fate as their ship is torn apart.</text>
</textList>

<event name="DEAD_CREW_AEA_BIRD">
	<text load="TEXT_DEAD_CREW_AEA_BIRD" />
	<autoReward level="HIGH">standard</autoReward>
</event>
<textList name="TEXT_DEAD_CREW_AEA_BIRD">
	<text>A Federation crew has been downed. As you scrap their hull, you notice their radios are active, with command calling out to them still trying to understand what's happening. You mute the radio and continue.</text>
	<text>"Man down, man down! Agh!" The crewmate's shouts go unheard as he is put down with the rest of his crew.</text>
	<text>"This death of mine signifies the death of the Federation." The dying captain pauses as someone in the background shouts at him. "I am NOT overreacting! God damn it... you just had to ruin my final moments..."</text>
	<text>"My name will be etched in a memorial for my service to the Multiverse... yours will be forever inscribed on a watchlist for the criminally deranged..."</text>
	<text>"I never even... got my promotion! I'm not ready to die!" The Federation captain sobs into their hands as their crew fall one by one, ending with them.</text>
</textList>

<event name="SURRENDER_AEA_BIRD">
	<text load="TEXT_SURRENDER_AEA_BIRD" />
	<choice>
		<text>Accept their surrender.</text>
		<event name="SURRENDER_AEA_BIRD_ACCEPT">
			<ship hostile="false" />
			<autoReward level="RANDOM">stuff</autoReward>
		</event>
	</choice>
	<choice>
		<text load="GENERIC_SURRENDER_CHOICE_NOMERCY" />
		<!--<event load="MORALITY_UPDATE_GENERAL"/>-->
		<event />
	</choice>
</event>
<textList name="TEXT_SURRENDER_AEA_BIRD">
	<text>"Continuing this any further would be madness - we're on the same side!"</text>
	<text>The Federation ship is in tatters. You could probably negotiate their surrender at this point.</text>
	<text>"Please, we don't have to do this! We're willing to give you anything to let us go!"</text>
	<text>"Don't destroy us! We're Federation! At least let us surrender!"</text>
	<text>"Take everything we have, just leave, and no more blood has to be spilt!"</text>
	<text>The ship repeatedly hails you, pleading for you to stop your assault and let them go.</text>
</textList>

<event name="DESTROYED_AEA_BIRD_STATION">
	<text load="TEXT_DESTROYED_AEA_BIRD_STATION" />
	<autoReward level="MED">standard</autoReward>
</event>
<textList name="TEXT_DESTROYED_AEA_BIRD_STATION">
    <text>"MAYDAY! MAYDAY! MAY-" The Federation captain's desperate cry for help is suddenly silenced by the destruction of the station.</text>
    <text>When future ships come across this wreck, it's likely people will assume this to be the job of Rebels or Pirates. But the trail will eventually lead to you.</text>
    <text>It's a shame, seeing the brand new models of the Federation dispatched so quickly. When the Federation pushed to manufacture updated designs, they had conflict with Rebels in mind... but not necessarily their own hired Renegades.</text>
</textList>

<event name="DEFEAT_AEA_BIRD_ELITE">
	<text>Eliminating allies of the Federation, especially Elite ones, is highly contrary to your mission, but that doesn't mean you're beyond salvaging the remains.</text>
	<autoReward level="HIGH">standard_no_item</autoReward>
	<choice hidden="true">
		<text>Continue...</text>
		<event>
			<text>It seems the cargo of the Elite Gi ship survived the fight. Inside is a functional drone, which you bring back on board.</text>
			<drone name="GIFTLIST_DRONES_AEA_BIRD" />
		</event>
	</choice>
</event>

<ship name="SHIP_AEA_BIRD_ALL" auto_blueprint="LIST_SHIPS_AEA_BIRD_ALL">
	<surrender chance="0.5" min="2" max="3" load="SURRENDER_AEA_BIRD" />
	<destroyed load="DESTROYED_AEA_BIRD" />
	<deadCrew load="DEAD_CREW_AEA_BIRD" />
</ship>

<ship name="SHIP_AEA_BIRD_GENERIC" auto_blueprint="LIST_SHIPS_AEA_BIRD_GENERIC">
	<surrender chance="0.5" min="2" max="3" load="SURRENDER_AEA_BIRD" />
	<destroyed load="DESTROYED_AEA_BIRD" />
	<deadCrew load="DEAD_CREW_AEA_BIRD" />
</ship>

<ship name="SHIP_AEA_BIRD_FIGHT" auto_blueprint="LIST_SHIPS_AEA_BIRD_FIGHT">
	<surrender chance="0.5" min="2" max="3" load="SURRENDER_AEA_BIRD" />
	<destroyed load="DESTROYED_AEA_BIRD" />
	<deadCrew load="DEAD_CREW_AEA_BIRD" />
</ship>

<ship name="SHIP_AEA_BIRD_ELITE_ALL" auto_blueprint="LIST_SHIPS_AEA_BIRD_ELITE_ALL">
	<destroyed load="DEFEAT_AEA_BIRD_ELITE" />
	<deadCrew load="DEFEAT_AEA_BIRD_ELITE" />
</ship>

<ship name="SHIP_AEA_BIRD_ELITE_GENERIC" auto_blueprint="LIST_SHIPS_AEA_BIRD_ELITE_GENERIC">
	<destroyed load="DEFEAT_AEA_BIRD_ELITE" />
	<deadCrew load="DEFEAT_AEA_BIRD_ELITE" />
</ship>

<ship name="SHIP_AEA_BIRD_ELITE_FIGHT" auto_blueprint="LIST_SHIPS_AEA_BIRD_ELITE_FIGHT">
	<destroyed load="DEFEAT_AEA_BIRD_ELITE" />
	<deadCrew load="DEFEAT_AEA_BIRD_ELITE" />
</ship>

<ship name="SHIP_AEA_BIRD_SUPPLIES" auto_blueprint="AEA_BIRD_TRANSPORT">
	<destroyed load="AEA_BIRD_SUPPLIES_KILL" />
	<deadCrew load="AEA_BIRD_SUPPLIES_KILL" />
</ship>

<ship name="SHIP_AEA_BIRD_DRONE_SHUTTLE" auto_blueprint="AEA_BIRD_SHUTTLE_DRONE">
	<destroyed load="AEA_BIRD_DRONE_KILL" />
</ship>

<ship name="SHIP_AEA_BIRD_SHUTTLE" auto_blueprint="AEA_BIRD_SHUTTLE">
	<surrender chance="0.5" min="2" max="3" load="SURRENDER_AEA_BIRD" />
	<destroyed load="DESTROYED_AEA_BIRD" />
	<deadCrew load="DEAD_CREW_AEA_BIRD" />
</ship>

<ship name="SHIP_AEA_BIRD_COLONY_FIGHT" auto_blueprint="LIST_SHIPS_AEA_BIRD_FIGHT">
	<destroyed>
		<text>You've destroyed the fungus infected ship and collect anything useful from the remains.</text>
		<autoReward level="MED">standard</autoReward>
		<choice hidden="true">
			<text>Continue...</text>
			<event load="AEA_BIRD_COLONY_FIGHT_KILL"/>
		</choice>
	</destroyed>
	<deadCrew>
		<text>You've cleared the infected ship of it's crew and scrap it for useful parts.</text>
		<autoReward level="HIGH">standard</autoReward>
		<choice hidden="true">
			<text>Continue...</text>
			<event load="AEA_BIRD_COLONY_FIGHT_KILL"/>
		</choice>
	</deadCrew>
</ship>

<ship name="SHIP_AEA_BIRD_DRONE_QUEST" auto_blueprint="AEA_BIRD_SHUTTLE_DRONE">
	<destroyed load="AEA_BIRD_DRONE_KILL_QUEST" />
</ship>
<ship name="SHIP_AEA_BIRD_AUTO_BOSS" auto_blueprint="AEA_BIRD_AUTO_BOSS">
	<destroyed load="AEA_BIRD_AUTO_BOSS_KILL" />
</ship>
</FTL>