<?xml version="1.0" encoding="UTF-8"?>

<!--Copyright (c) 2012 by Subset Games. All rights reserved.-->
<img x="-115" y="-65" w="441" h="346" />
<offsets>
	<floor x="220" y="173" />
	<cloak x="0" y="0" />
</offsets>
<weaponMounts>
	<mount x="260" y="138" rotate="false" mirror="false" gib="-1" slide="right" />
	<mount x="181" y="138" rotate="false" mirror="true" gib="-1" slide="left" />
	<mount x="319" y="206" rotate="false" mirror="false" gib="-1" slide="up" />
	<mount x="122" y="206" rotate="false" mirror="true" gib="-1" slide="up" />
</weaponMounts>
<explosion />

