<?xml version="1.0" encoding="UTF-8"?>

<!--Copyright (c) 2012 by Subset Games. All rights reserved.-->
<img x="-31" y="-82" w="272" h="409" />
<offsets>
	<floor x="136" y="204" />
	<cloak x="0" y="0" />
</offsets>
<weaponMounts>
	<mount x="169" y="60" rotate="false" mirror="true" gib="-1" slide="left" />
	<mount x="103" y="60" rotate="false" mirror="false" gib="-1" slide="right" />
	<mount x="257" y="145" rotate="false" mirror="false" gib="-1" slide="right" />
	<mount x="15" y="145" rotate="false" mirror="true" gib="-1" slide="left" />
</weaponMounts>
<explosion />

