<?xml version="1.0" encoding="UTF-8"?>

<!--Copyright (c) 2012 by Subset Games. All rights reserved.-->
<img x="-30" y="-7" w="207" h="247" />
<offsets>
	<floor x="103" y="123" />
	<cloak x="103" y="123" />
</offsets>
<weaponMounts>
	<mount x="12" y="30" rotate="false" mirror="true" gib="-1" slide="up" />
	<mount x="199" y="71" rotate="false" mirror="false" gib="-1" slide="right" />
	<mount x="136" y="19" rotate="false" mirror="false" gib="-1" slide="up" />
</weaponMounts>
<explosion />

