<?xml version="1.0" encoding="UTF-8"?>

<!--Copyright (c) 2012 by Subset Games. All rights reserved.-->
<img x="-47" y="-51" w="445" h="523" />
<offsets>
	<floor x="222" y="261" />
	<cloak x="222" y="261" />
</offsets>
<weaponMounts>
	<mount x="333" y="113" rotate="false" mirror="false" gib="-1" slide="right" />
	<mount x="112" y="113" rotate="false" mirror="true" gib="-1" slide="left" />
	<mount x="384" y="167" rotate="false" mirror="false" gib="-1" slide="right" />
	<mount x="61" y="167" rotate="false" mirror="true" gib="-1" slide="left" />
</weaponMounts>
<explosion />

