<FTL>
<!--
\\\\\\\\\\\\\\\\\\\\\\\\\\\\\\\\\\\\\\\\\\\\\\\\\\\\\\\\\\\\\\\\\\\\\\\\\\\\\\\\\\\\\\\\\\\\\\\\\\\\\\\\\\\\\\\\\\\\\\\\\\\\\\\\\\\\\\
\\\\\\\\\\\\\\\\\\\\\\\\\\\\\\\\\\\\\\\\\\\\\\\\\\\\\\\\\\\\\\\\\\\\\\\\\\\\\\\\\\\\\\\\\\\\\\\\\\\\\\\\\\\\\\\\\\\\\\\\\\\\\\\\\\\\\\
\\\\\\\\\\\\\\\\\\\\\\\\\\\\\\\\\\\\\\\\\\\\\\\\\\\\\\\\\\\\\\\\\\\\\\\\\\\\\\\\\\\\\\\\\\\\\\\\\\\\\\\\\\\\\\\\\\\\\\\\\\\\\\\\\\\\\\
\\\\\\\\\\\\\\\\\\\\\\\\\\\\\\\\\\\\\\\\\\\\\\\\\\\\\\\\\\\\\\\\\\\\\\\\\\\\\\\\\\\\\\\\\\\\\\\\\\\\\\\\\\\\\\\\\\\\\\\\\\\\\\\\\\\\\\
\\\\\\\\\\\\\\\\\\\\\\\\\\\\\\\\\\\\\\\\\\\\\\\\\\\\\\\\\\\\\\\\\\\\\\\\\\\\\\\\\\\\\\\\\\\\\\\\\\\\\\\\\\\\\\\\\\\\\\\\\\\\\\\\\\\\\\
\\\\\\\\\\\\\\\\\\\\\\\\\\\\\\\\\\\\\\\\\\\\\\\\\\\\\\\\\\\\\\\\\\\\\\\\\\\\\\\\\\\\\\\\\\\\\\\\\\\\\\\\\\\\\\\\\\\\\\\\\\\\\\\\\\\\\\
					LYLMIK SECTOR 3
\\\\\\\\\\\\\\\\\\\\\\\\\\\\\\\\\\\\\\\\\\\\\\\\\\\\\\\\\\\\\\\\\\\\\\\\\\\\\\\\\\\\\\\\\\\\\\\\\\\\\\\\\\\\\\\\\\\\\\\\\\\\\\\\\\\\\\
\\\\\\\\\\\\\\\\\\\\\\\\\\\\\\\\\\\\\\\\\\\\\\\\\\\\\\\\\\\\\\\\\\\\\\\\\\\\\\\\\\\\\\\\\\\\\\\\\\\\\\\\\\\\\\\\\\\\\\\\\\\\\\\\\\\\\\
\\\\\\\\\\\\\\\\\\\\\\\\\\\\\\\\\\\\\\\\\\\\\\\\\\\\\\\\\\\\\\\\\\\\\\\\\\\\\\\\\\\\\\\\\\\\\\\\\\\\\\\\\\\\\\\\\\\\\\\\\\\\\\\\\\\\\\
\\\\\\\\\\\\\\\\\\\\\\\\\\\\\\\\\\\\\\\\\\\\\\\\\\\\\\\\\\\\\\\\\\\\\\\\\\\\\\\\\\\\\\\\\\\\\\\\\\\\\\\\\\\\\\\\\\\\\\\\\\\\\\\\\\\\\\
\\\\\\\\\\\\\\\\\\\\\\\\\\\\\\\\\\\\\\\\\\\\\\\\\\\\\\\\\\\\\\\\\\\\\\\\\\\\\\\\\\\\\\\\\\\\\\\\\\\\\\\\\\\\\\\\\\\\\\\\\\\\\\\\\\\\\\
\\\\\\\\\\\\\\\\\\\\\\\\\\\\\\\\\\\\\\\\\\\\\\\\\\\\\\\\\\\\\\\\\\\\\\\\\\\\\\\\\\\\\\\\\\\\\\\\\\\\\\\\\\\\\\\\\\\\\\\\\\\\\\\\\\\\\\
-->
<event name="START_BEACON_AEA_OLD_3">
	<text>You've arrived near the gate out of the quarantine.</text>
	<changeBackground>BACK_SECTOR_AEA_NECRO</changeBackground>
	<playSound>lightspeed</playSound>
	<choice>
		<text>Do something onboard the ship.</text>
		<event load="STORAGE_CHECK" />
	</choice>
	<choice>
		<text>Do nothing.</text>
		<event />
	</choice>
</event>
<event name="AEA_OLD_3_EXIT">
	<preventQuest />
	<preventFleet />
	<beaconType id="map_icon_aea_old_council" global="true">
		<color r="119" g="0" b="0" a="1"/>
		<unvisitedTooltip>This is the location of the Council Administration Building.</unvisitedTooltip>
		<visitedTooltip>This is the location of the Council Administration Building.</visitedTooltip>
	</beaconType>
	<text>You've arrived near the gate out of the exit.</text>
	<choice>
		<text>Do something onboard the ship.</text>
		<event load="STORAGE_CHECK" />
	</choice>
	<choice>
		<text>Do nothing.</text>
		<event />
	</choice>
</event>

<event name="AEA_OLD_3_BOSS">
	<img back="BACKGROUND" planet="NONE" />
	<loadEventList seeded="false" first="true" generate="false">
		<event name="AEA_OLD_SHOWDOWN_CASUAL" req="challenge_level" lvl="0" max_lvl="0" />
		<event name="AEA_OLD_SHOWDOWN_NORMAL" req="challenge_level" lvl="1" max_lvl="1" />
		<event name="AEA_OLD_SHOWDOWN_CHALLENGE" req="challenge_level" lvl="2" max_lvl="2" />
		<event name="AEA_OLD_SHOWDOWN_EXTREME" req="challenge_level" lvl="3" max_lvl="3" />
	</loadEventList>
</event>

<ship name="SHIP_AEA_OLD_FINAL_BOSS_CASUAL" auto_blueprint="AEA_OLD_FINAL_BOSS_CASUAL">
	<deadCrewAuto />
	<destroyed load="AEA_OLD_SHOWDOWN_WIN" />
	<deadCrew load="AEA_OLD_SHOWDOWN_AUTO" />
	<deadCrewAuto />
</ship>
<ship name="SHIP_AEA_OLD_FINAL_BOSS_NORMAL" auto_blueprint="AEA_OLD_FINAL_BOSS_NORMAL">

	<deadCrewAuto />
	<triggeredEvent event="POWER_SURGE_AEA_OLD_3" seeded="false" loops="999999999" thisFight="true" minTime="30.0" maxTime="50.0">
		<warningMessage id="warning_power_surge" x="692" y="84" time="5.0" centerText="true" flash="true" sound="surgeWarning" useWarningLine="true" />
	</triggeredEvent>
	<destroyed load="AEA_OLD_SHOWDOWN_WIN" />
	<deadCrew load="AEA_OLD_SHOWDOWN_AUTO" />
	<deadCrewAuto />
</ship>
<ship name="SHIP_AEA_OLD_FINAL_BOSS_CHALLENGE" auto_blueprint="AEA_OLD_FINAL_BOSS_CHALLENGE">

	<deadCrewAuto />
	<triggeredEvent event="POWER_SURGE_AEA_OLD_3" seeded="false" loops="999999999" thisFight="true" minTime="30.0" maxTime="40.0">
		<warningMessage id="warning_power_surge" x="692" y="84" time="5.0" centerText="true" flash="true" sound="surgeWarning" useWarningLine="true" />
	</triggeredEvent>
	<destroyed load="AEA_OLD_SHOWDOWN_WIN" />
	<deadCrew load="AEA_OLD_SHOWDOWN_AUTO" />
	<deadCrewAuto />
</ship>
<ship name="SHIP_AEA_OLD_FINAL_BOSS_EXTREME" auto_blueprint="AEA_OLD_FINAL_BOSS_EXTREME">

	<deadCrewAuto />
	<triggeredEvent event="POWER_SURGE_AEA_OLD_3" seeded="false" loops="999999999" thisFight="true" minTime="20.0" maxTime="35.0">
		<warningMessage id="warning_power_surge" x="692" y="84" time="5.0" centerText="true" flash="true" sound="surgeWarning" useWarningLine="true" />
	</triggeredEvent>
	<destroyed load="AEA_OLD_SHOWDOWN_WIN" />
	<deadCrew load="AEA_OLD_SHOWDOWN_AUTO" />
	<deadCrewAuto />
</ship>

<event name="POWER_SURGE_AEA_OLD_3">
	<superBarrage player="false" name="MFK_LASER_SURGE" />
</event>
<event name="AEA_OLD_SHOWDOWN_AUTO">
	<text>It appears this ship is also equipped with an advanced AI system. Now that the crew is dead, it has taken control! You sense oxygen levels dropping on the Flagship as well...</text>
	<status type="limit" target="enemy" system="oxygen" amount="0" />
</event>



<event name="AEA_OLD_SHOWDOWN_CASUAL">
	<metaVariable name="juke_aea_old_3" op="set" val="1" />
	<text>You arrive at the beacon to discover a massive vessel blocking your path. Your sponsor appears concerned, although its hard to tell with Lylmiks. "This shouldn't be here, I'll try to reach out to them." It doesn't take you long to realize they aren't here for a chat.</text>
	<ship load="SHIP_AEA_OLD_FINAL_BOSS_CASUAL" hostile="false" />
	<choice hidden="true">
		<text>Continue...</text>
		<event>
			<text>You didn't come this far to give up now. There's nothing left to do but destroy this ship if you want to escape. You lylmik sponsor has clearly given up on trying to get them to stand down.</text>
			<ship hostile="true" />
			<choice hidden="true">
				<text>Continue...</text>
				<event load="COMBAT_CHECK" />
			</choice>
		</event>
	</choice>
</event>
<event name="AEA_OLD_SHOWDOWN_NORMAL">
	<metaVariable name="juke_aea_old_3" op="set" val="1" />
	<text>You arrive at the beacon to discover a massive vessel blocking your path. Your sponsor appears concerned, although its hard to tell with Lylmiks. "This shouldn't be here, I'll try to reach out to them." It doesn't take you long to realize they aren't here for a chat.</text>
	<ship load="SHIP_AEA_OLD_FINAL_BOSS_NORMAL" hostile="false" />
	<choice hidden="true">
		<text>Continue...</text>
		<event>
			<text>You didn't come this far to give up now. There's nothing left to do but destroy this ship if you want to escape. You lylmik sponsor has clearly given up on trying to get them to stand down.</text>
			<ship hostile="true" />
			<choice hidden="true">
				<text>Continue...</text>
				<event load="COMBAT_CHECK" />
			</choice>
		</event>
	</choice>
</event>
<event name="AEA_OLD_SHOWDOWN_CHALLENGE">
	<metaVariable name="juke_aea_old_3" op="set" val="1" />
	<text>You arrive at the beacon to discover a massive vessel blocking your path. Your sponsor appears concerned, although its hard to tell with Lylmiks. "This shouldn't be here, I'll try to reach out to them." It doesn't take you long to realize they aren't here for a chat.</text>
	<ship load="SHIP_AEA_OLD_FINAL_BOSS_CHALLENGE" hostile="false" />
	<choice hidden="true">
		<text>Continue...</text>
		<event>
			<text>You didn't come this far to give up now. There's nothing left to do but destroy this ship if you want to escape. You lylmik sponsor has clearly given up on trying to get them to stand down.</text>
			<ship hostile="true" />
			<choice hidden="true">
				<text>Continue...</text>
				<event load="COMBAT_CHECK" />
			</choice>
		</event>
	</choice>
</event>
<event name="AEA_OLD_SHOWDOWN_EXTREME">
	<metaVariable name="juke_aea_old_3" op="set" val="1" />
	<text>You arrive at the beacon to discover a massive vessel blocking your path. Your sponsor appears concerned, although its hard to tell with Lylmiks. "This shouldn't be here, I'll try to reach out to them." It doesn't take you long to realize they aren't here for a chat.</text>
	<ship load="SHIP_AEA_OLD_FINAL_BOSS_EXTREME" hostile="false" />
	<choice hidden="true">
		<text>Continue...</text>
		<event>
			<text>You didn't come this far to give up now. There's nothing left to do but destroy this ship if you want to escape. You lylmik sponsor has clearly given up on trying to get them to stand down.</text>
			<ship hostile="true" />
			<choice hidden="true">
				<text>Continue...</text>
				<event load="COMBAT_CHECK" />
			</choice>
		</event>
	</choice>
</event>






<event name="AEA_OLD_SHOWDOWN_WIN">
	<text>You watch in triumphant jubilation as the Flagship explodes. You've won this battle!.</text>
	<autoReward level="HIGH">standard_no_item</autoReward>
	<achievement silent="false">ACH_AEA_OLD_END</achievement>
	<clearSuperDrones player="false" />
	<choice hidden="true">
		<text>Continue...</text>
		<event/>
	</choice>
</event>

<event name="AEA_OLD_VICTORY_LOAD">
	<loadEvent>AEA_OLD_VICTORY</loadEvent>
</event>
<event name="AEA_OLD_VICTORY">
	<preventQuest />
	<preventFleet />
	<beaconType id="map_icon_aea_old_gate" global="true">
		<color r="120" g="99" b="84" a="1"/>
		<unvisitedTooltip>This is the location of a large structure.</unvisitedTooltip>
		<visitedTooltip>This is the location of a large structure.</visitedTooltip>
	</beaconType>
	<text>You've finally made it to the gate, only a moment away from being able to return to the multiverse and kill the flagship.</text>
	<!--metaVariable name="juke_showdown" op="set" val="1" /-->
	<unlockCustomShip silent="false">PLAYER_SHIP_AEA_OLD_ARMOUR</unlockCustomShip>
	<choice hidden="true">
		<text>Enter the gate.</text>
		<event>
			<text>You pilot your ship through the gate, its unlikely anyone will ever believe you about this place.</text>
			<choice hidden="true">
				<text>Continue...</text>
				<event>
					<secretSectorWarp>AEA_OLD_FLAGSHIP_END</secretSectorWarp>
					<secretSector />
				</event>
			</choice>
		</event>
	</choice>
	<choice hidden="true" req="LIST_CREW_PARAGON_UNIQUE">
		<text>Talk with your crew.</text>
		<event load="AEA_OLD_VICTORY_CREW" />
	</choice>
</event>
<event name="AEA_OLD_VICTORY_CREW">
	<text>You look around at your crew, who are standing, waiting for your verdict.</text>
	<checkCargo />
</event>
<event name="AEA_OLD_VICTORY_">
	<text>YOU SHOULD NEVER SEE THIS</text>
	<unlockCustomShip silent="false">CREW_SHIP_SLOT1</unlockCustomShip>
	<choice hidden="true">
		<text>Continue...</text>
		<event load="AEA_OLD_VICTORY_LOAD" />
	</choice>
</event>


<event name="AEA_OLD_ENDING_START">
	<text>You've arrived in Node 17 just in time, the Rebel flagship is damaged but also close to being able to take over the federation base.</text>
	<ship load="AEA_OLD_ENDBOSS" hostile="true"/>
	<choice>
		<text>Continue...</text>
		<event load="COMBAT_CHECK"/>
	</choice>
</event>
<ship name="AEA_OLD_ENDBOSS" auto_blueprint="BOSS_3_EASY_DLC">
	<deadCrewAuto />
	<destroyed load="AEA_OLD_ENDBOSS_WIN" />
	<deadCrew load="AEA_OLD_SHOWDOWN_AUTO" />
	<deadCrewAuto />
	<finalBoss ach="aea_old_win" creditsText="credit_victory_aea_old_mutual" text="This is not the victory you hoped for, but it's one nonetheless." creditsBackground="VICTORY_DEFAULT" music="paragon" />
</ship>
<event name="AEA_OLD_ENDBOSS_WIN">
	<win ach="aea_old_win" music="paragon" creditsText="credit_victory_aea_old" text="Your victory over the flagship was overshadowed by your escape from the Lylmiks" creditsBackground="VICTORY_DEFAULT" />
</event>

</FTL>