<?xml version="1.0" encoding="UTF-8"?>
<metadata>
	<title><![CDATA[ FTL: The Outer Expansion ]]></title>

	<threadUrl><![CDATA[https://ftlmultiverse.boards.net/thread/107/outer-expansion-sectors-lore-ships]]></threadUrl>

	<author><![CDATA[ Arc ]]></author>

	<version><![CDATA[ 7.1.0 ]]></version>

	<description>
<![CDATA[
Adds 60 ships, many new weapons, 7 new races, 13 new unique crew, 1 new hazard type, and 14 entirely new sectors.

Adventure into the outer reaches of the galaxy and discover some of the more interesting races from across the multiverse.

Meet the Acidic Growth, a hivemind like space algae that has managed to build itself ships and mechs. Hide from them in the Acidic Nebula but beware of the clouds eating away at your ship.

Meet an Exiled faction of Engi Heretics, seperatists so appalling they've been beaten back by both engi and seperatists alike. These vile engi have mastered control of their own nanobots and are able to use them to resurrect the dead to fight for them.

Meet the Cult of the Bud A group of vampweeds who worship a giant space flower and draw upon it's power to perform various magical tasks.

Meet the Gi, a bird like race who have developed some powerful drones. With close ties to the federation they could be a great ally.

Meet the Slug and Shell Anarchists, a combined resistance against both the Kleptocracy and Geniocracy

Meet the Shard-Forged pirates, Although considered pirates they're allied with the federation and maintain good relations with most of the friendly factions

Finally discover the technology of a long lost race, but be careful you might just get caught up in more than you expected.

Music By Lizzard
]]>
	</description>

</metadata>
