<?xml version="1.0" encoding="UTF-8"?>

<!--Copyright (c) 2012 by Subset Games. All rights reserved.-->
<img x="-20" y="-44" w="390" h="322" />
<offsets>
	<floor x="195" y="161" />
	<cloak x="0" y="0" />
</offsets>
<weaponMounts>
	<mount x="291" y="108" rotate="false" mirror="true" gib="-1" slide="left" />
	<mount x="99" y="108" rotate="false" mirror="false" gib="-1" slide="right" />
	<mount x="379" y="143" rotate="false" mirror="false" gib="-1" slide="right" />
	<mount x="11" y="143" rotate="false" mirror="true" gib="-1" slide="left" />
</weaponMounts>
<explosion />

