<?xml version="1.0" encoding="UTF-8"?>

<!--Copyright (c) 2012 by Subset Games. All rights reserved.-->
<img x="-12" y="-4" w="230" h="355" />
<offsets>
	<floor x="115" y="177" />
	<cloak x="115" y="177" />
</offsets>
<weaponMounts>
	<mount x="217" y="131" rotate="false" mirror="false" gib="-1" slide="right" />
	<mount x="3" y="110" rotate="false" mirror="true" gib="-1" slide="left" />
	<mount x="112" y="24" rotate="false" mirror="false" gib="-1" slide="up" />
</weaponMounts>
<explosion />

