<FTL>
<!--
\\\\\\\\\\\\\\\\\\\\\\\\\\\\\\\\\\\\\\\\\\\\\\\\\\\\\\\\\\\\\\\\\\\\\\\\\\\\\\\\\\\\\\\\\\\\\\\\\\\\\\\\\\\\\\\\\\\\\\\\\\\\\\\\\\\\\\
\\\\\\\\\\\\\\\\\\\\\\\\\\\\\\\\\\\\\\\\\\\\\\\\\\\\\\\\\\\\\\\\\\\\\\\\\\\\\\\\\\\\\\\\\\\\\\\\\\\\\\\\\\\\\\\\\\\\\\\\\\\\\\\\\\\\\\
\\\\\\\\\\\\\\\\\\\\\\\\\\\\\\\\\\\\\\\\\\\\\\\\\\\\\\\\\\\\\\\\\\\\\\\\\\\\\\\\\\\\\\\\\\\\\\\\\\\\\\\\\\\\\\\\\\\\\\\\\\\\\\\\\\\\\\
\\\\\\\\\\\\\\\\\\\\\\\\\\\\\\\\\\\\\\\\\\\\\\\\\\\\\\\\\\\\\\\\\\\\\\\\\\\\\\\\\\\\\\\\\\\\\\\\\\\\\\\\\\\\\\\\\\\\\\\\\\\\\\\\\\\\\\
					AEA_CULT
\\\\\\\\\\\\\\\\\\\\\\\\\\\\\\\\\\\\\\\\\\\\\\\\\\\\\\\\\\\\\\\\\\\\\\\\\\\\\\\\\\\\\\\\\\\\\\\\\\\\\\\\\\\\\\\\\\\\\\\\\\\\\\\\\\\\\\
\\\\\\\\\\\\\\\\\\\\\\\\\\\\\\\\\\\\\\\\\\\\\\\\\\\\\\\\\\\\\\\\\\\\\\\\\\\\\\\\\\\\\\\\\\\\\\\\\\\\\\\\\\\\\\\\\\\\\\\\\\\\\\\\\\\\\\
\\\\\\\\\\\\\\\\\\\\\\\\\\\\\\\\\\\\\\\\\\\\\\\\\\\\\\\\\\\\\\\\\\\\\\\\\\\\\\\\\\\\\\\\\\\\\\\\\\\\\\\\\\\\\\\\\\\\\\\\\\\\\\\\\\\\\\
\\\\\\\\\\\\\\\\\\\\\\\\\\\\\\\\\\\\\\\\\\\\\\\\\\\\\\\\\\\\\\\\\\\\\\\\\\\\\\\\\\\\\\\\\\\\\\\\\\\\\\\\\\\\\\\\\\\\\\\\\\\\\\\\\\\\\\
-->	
<textList name="TEXT_START_AEA_CULT">
	<text>The Vampweeds are hardcore industrialists, capitalists, and democrats. The only truly democratic nation without a voice in the Federation, many Confederates have felt discriminated against and look to the Coalition as a solution. Expect to see as many hostiles as you do friendly faces.</text>
	<text>The Gathering has long since been protesting against the Confederacy joining the Federation, but still Premier Ivar pushes for unification. With Confederates now divided between the Federation and the Coalition, this may be an unusual mix of allies and enemies for you.</text>
	<text>Confederate sectors are some of the most industrialized in the galaxy. With most heavy manufacturing now done by the Vampweeds, the economy of these sectors is soaring and draws the attention of many merchants. Unfortunately, regional politics have drawn the attention of Coalition recruiters too. Keep a sharp eye out for friends and enemies.</text>
</textList>
<event name="START_AEA_CULT">
	<metaVariable name="juke_aea_cult" op="set" val="1" />
	<preventQuest />
	<beaconType id="map_icon_start" global="false">
		<color r="46" g="252" b="51" a="1" />
	</beaconType>
	<text load="TEXT_START_AEA_CULT" />
	<changeBackground>BACK_SECTOR_VAMPWEED</changeBackground>
	<playSound>lightspeed</playSound>
	<customFleet right="false" firing="true" autoDarkening="true">CUSTOM_FLEET_VAMPWEED</customFleet>
	<ship load="SHIP_GUARD_AEA_CULT" hostile="false" />
	<choice hidden="true" req="rep_comb_vampweed" lvl="-999" max_lvl="1" max_group="0" blue="false">
		<text>Continue...</text>
		<event load="GUARD_AEA_CULT" />
	</choice>
	<choice hidden="true" req="rep_comb_vampweed" lvl="2" max_lvl="999" max_group="0" blue="false">
		<text>Continue...</text>
		<event load="GUARD_AEA_CULT_CRIMINAL" />
	</choice>
</event>

<event name="GUARD_AEA_CULT_CRIMINAL">
	<text>Something seems off here. Usually, the Vampweeds wouldn't mind a ship like yours too much, but now, you catch suspicious chatter on the guard ship.</text>
	<choice hidden="true">
		<text>Continue...</text>
		<event>
			<text>It seems your track record has caught up to you. The guard's crew have heard enough of the crimes you've been committing, and they don't intend to let you into the sector!.</text>
			<ship hostile="true" />
			<choice hidden="true">
				<text>Continue...</text>
				<event load="COMBAT_CHECK" />
			</choice>
		</event>
	</choice>
</event>

<event name="GUARD_AEA_CULT">
	<text>The Confederate guard hails you, their captain reciting words as if it's the hundreth time today they've had to say them. "Welcome to the Confederacy. On behalf of Premier Ivar we welcome all visitors who come in peace. However, to ensure the stability and order of our sectors, we request that all military vessels such as yourself submit to a minor tax before entering."</text>
	<choice hidden="true">
		<text>We refuse to pay the fee, fight your way through!.</text>
		<event>
			<text>You mute the ship and prepare for combat.</text>
			<ship hostile="true" />
			<choice hidden="true">
				<text>Continue...</text>
				<event load="MORALITY_UPDATE_VAMPWEED_FIGHT" />
			</choice>
		</event>
	</choice>
	<choice>
		<text>Pay the fee.</text>
		<event>
			<text>The Vampweed nods and combs over the scrap for a brief moment. "Very well. Security will let you through momentarily."</text>
			<item_modify>
				<item type="scrap" min="-30" max="-20" />
			</item_modify>
		</event>
	</choice>
	<choice hidden="true">
		<text>Request a waver because of your mission.</text>
		<event load="GUARD_AEA_CULT_WAVER" />
	</choice>
	<choice req="unique_ivar">
		<text>(Ivar) "Hey, I pay your salary!"</text>
		<event>
			<text>The guard looks ashamed. "Uh... Premier, I do apologize! We weren't aware you were coming. You are... uh, quite unpredictable sometimes. The fee will be waived, of course." The guard blinks. "Please don't mention this to my superiors."</text>
		</event>
	</choice>
	<choice req="unique_tyerel">
		<text>(Ty E'Rel) Show Ty E'Rel's credentials.</text>
		<event>
			<text>"Welcome, Ambassador. I hadn't been told that you had a conference in this sector. You may pass, free of charge."</text>
		</event>
	</choice>
	<choice req="unique_alkali">
		<text>(Alkali) Alkali has business here.</text>
		<event>
			<text>The guard looks relieved to see a familiar face. "Welcome back, Doctor! You're always welcome within our borders. I'll waive the fee, of course. I hope your time here is productive."</text>
		</event>
	</choice>
	<choice hidden="true" req="shell_scientist">
		<text>(Shell Scientist Crew) Explain that you have business in the area.</text>
		<event>
			<text>"Ah, a Scientist! We are always pleased to accept one of your number into our lovely sector. As usual, you're entitled to the discount. We hope your business goes well."</text>
			<choice>
				<text>Pay the toll.</text>
				<event>
					<item_modify>
						<item type="scrap" min="-10" max="-1" />
					</item_modify>
				</event>
			</choice>
			<choice hidden="true">
				<text>Attack the guard.</text>
				<event>
					<text>You mute the ship and prepare for combat.</text>
					<ship hostile="true" />
					<choice hidden="true">
						<text>Continue...</text>
						<event load="MORALITY_UPDATE_VAMPWEED_FIGHT" />
					</choice>
				</event>
			</choice>
			<choice hidden="true" req="mind">
				<text>(Mind Control) Convince the guard to leave you alone.</text>
				<event load="GUARD_MIND" />
			</choice>
			<choice hidden="true" req="cloaking">
				<text>(Cloaking) Cloak and try to escape.</text>
				<event load="GUARD_CLOAK_MORALITY" />
			</choice>
			<choice hidden="true" req="engines" lvl="5">
				<text>(Adv. Engines) Try to escape the guard.</text>
				<event load="GUARD_ESCAPE_MORALITY" />
			</choice>
			<choice hidden="true" req="pilot" lvl="3">
				<text>(Adv. Piloting) Activate the auto-pilot to try and escape.</text>
				<event load="GUARD_ESCAPE_MORALITY" />
			</choice>
		</event>
	</choice>
	<choice req="orchid_cultivator">
		<text>(Cultivator Crew) Demand a discount.</text>
		<event>
			<text>"Oh, a Cultivator is aboard? We can offer you a substantial discount. We hope your business goes well."</text>
			<choice>
				<text>Pay the toll.</text>
				<event>
					<item_modify>
						<item type="scrap" min="-10" max="-1" />
					</item_modify>
				</event>
			</choice>
			<choice hidden="true">
				<text>Attack the guard.</text>
				<event>
					<text>You mute the ship and prepare for combat.</text>
					<ship hostile="true" />
					<choice hidden="true">
						<text>Continue...</text>
						<event load="MORALITY_UPDATE_VAMPWEED_FIGHT" />
					</choice>
				</event>
			</choice>
			<choice hidden="true" req="mind">
				<text>(Mind Control) Convince the guard to leave you alone.</text>
				<event load="GUARD_MIND_MORALITY" />
			</choice>
			<choice hidden="true" req="cloaking">
				<text>(Cloaking) Cloak and try to escape.</text>
				<event load="GUARD_CLOAK_MORALITY" />
			</choice>
			<choice hidden="true" req="engines" lvl="5">
				<text>(Adv. Engines) Try to escape the guard.</text>
				<event load="GUARD_ESCAPE_MORALITY" />
			</choice>
			<choice hidden="true" req="pilot" lvl="3">
				<text>(Adv. Piloting) Activate the auto-pilot to try and escape.</text>
				<event load="GUARD_ESCAPE_MORALITY" />
			</choice>
		</event>
	</choice>
	<choice req="orchid_vampweed">
		<text>(Vampweed Crew) Request a discount.</text>
		<event>
			<text>"So you have a countryman aboard? Very well, we will apply the standard discount."</text>
			<choice>
				<text>Pay the toll.</text>
				<event>
					<item_modify>
						<item type="scrap" min="-20" max="-10" />
					</item_modify>
				</event>
			</choice>
			<choice hidden="true">
				<text>Attack the guard.</text>
				<event>
					<text>You mute the ship and prepare for combat.</text>
					<ship hostile="true" />
					<choice hidden="true">
						<text>Continue...</text>
						<event load="MORALITY_UPDATE_VAMPWEED_FIGHT" />
					</choice>
				</event>
			</choice>
			<choice hidden="true" req="mind">
				<text>(Mind Control) Convince the guard to leave you alone.</text>
				<event load="GUARD_MIND_MORALITY" />
			</choice>
			<choice hidden="true" req="cloaking">
				<text>(Cloaking) Cloak and try to escape.</text>
				<event load="GUARD_CLOAK_MORALITY" />
			</choice>
			<choice hidden="true" req="engines" lvl="5">
				<text>(Adv. Engines) Try to escape the guard.</text>
				<event load="GUARD_ESCAPE_MORALITY" />
			</choice>
			<choice hidden="true" req="pilot" lvl="3">
				<text>(Adv. Piloting) Activate the auto-pilot to try and escape.</text>
				<event load="GUARD_ESCAPE_MORALITY" />
			</choice>
		</event>
	</choice>
	<choice hidden="true" req="mind">
		<text>(Mind Control) Convince the guard to leave you alone.</text>
		<event load="GUARD_MIND_MORALITY" />
	</choice>
	<choice hidden="true" req="cloaking">
		<text>(Cloaking) Cloak and try to escape.</text>
		<event load="GUARD_CLOAK_MORALITY" />
	</choice>
	<choice hidden="true" req="engines" lvl="5">
		<text>(Adv. Engines) Try to escape the guard.</text>
		<event load="GUARD_ESCAPE_MORALITY" />
	</choice>
	<choice hidden="true" req="pilot" lvl="3">
		<text>(Adv. Piloting) Activate the auto-pilot to try and escape.</text>
		<event load="GUARD_ESCAPE_MORALITY" />
	</choice>
</event>
<eventList name="GUARD_AEA_CULT_WAVER">
	<event name="GUARD_AEA_CULT_WAVER_FAIL">
		<text>"Why should I wave your fee? You are a Renegade, correct? If you are not aware, the Confederacy is not beholden to Federation laws, and frankly having people like you here is a liability. We should be charging you more, not less."</text>
		<choice hidden="true">
			<text>Then we'll fight our way through!.</text>
			<event>
				<text>You mute the ship and prepare for combat.</text>
				<ship hostile="true" />
				<choice hidden="true">
					<text>Continue...</text>
					<event load="MORALITY_UPDATE_VAMPWEED_FIGHT" />
				</choice>
			</event>
		</choice>
		<choice>
			<text>Pay the fee.</text>
			<event>
				<text>The Vampweed nods and combs over the scrap for a brief moment. "Very well. Security will let you through momentarily."</text>
				<item_modify>
					<item type="scrap" min="-30" max="-20" />
				</item_modify>
			</event>
		</choice>
	</event>
	<event load="GUARD_AEA_CULT_WAVER_FAIL" />
	<event>
		<text>The Vampweed scratches the long petals on their face with their vines. "As you are likely aware, the Confederacy is not beholden to Federation laws or jurisdiction. That said, I understand that your cause represents the best interests of everyone here. The Federation might not be our friend, but the Rebellion is more certainly our enemy. I will do you this one favor, but do not expect everyone to be so generous."</text>
	</event>
</eventList>

<ship name="SHIP_GUARD_AEA_CULT" auto_blueprint="AEA_CULT_GUARD">
	<surrender min="5" max="6" load="GUARD_SIGNAL" />
	<destroyed load="GUARD_AEA_CULT_DESTROY" />
	<deadCrew load="GUARD_AEA_CULT_DEADCREW" />
</ship>

<event name="GUARD_AEA_CULT_DESTROY">
	<text>You have defeated the Confederate guard. Whatever might have been in their cargo has for certain been destroyed, but you can at least salvage some supplies from the ship.</text>
	<autoReward level="MED">standard</autoReward>
	<choice hidden="true">
		<text>Continue...</text>
		<event load="GUARD_AEA_CULT_FOLLOWUP" />
	</choice>
</event>

<event name="GUARD_AEA_CULT_DEADCREW">
	<text>You have defeated the Confederate guard. Without crew on board to stop you, you can investigate their cargo. You find a weapon to bring back to the ship, and move on to scrap their hull.</text>
	<autoReward level="MED">standard</autoReward>
	<weapon name="GIFTLIST_SPORE" />
	<choice hidden="true">
		<text>Continue...</text>
		<event load="GUARD_AEA_CULT_FOLLOWUP" />
	</choice>
</event>

<ship name="SHIP_AEA_CULT_REINFORCEMENTS" auto_blueprint="LIST_SHIPS_AEA_CULT_FIGHT">
	<destroyed load="DESTROYED_REINFORCEMENTS" />
	<deadCrew load="DEADCREW_REINFORCEMENTS" />
</ship>
<event name="GUARD_AEA_CULT_FOLLOWUP">
	<noQuestText />
	<removeHazards />
	<clearCustomFleet />
	<text>By killing the Confederate guard, you have no doubt caused them to dispatch reinforcements to track you down. Watch your step as you explore the sector.</text>
	<quest event="REINFORCEMENTS_AEA_CULT" />
	<choice>
		<text>Do something onboard the ship.</text>
		<event load="STORAGE_CHECK" />
	</choice>
	<choice>
		<text>Do nothing.</text>
		<event />
	</choice>
</event>
<event name="REINFORCEMENTS_AEA_CULT">
	<preventQuest />
	<beaconType id="map_icon_reinforcements" global="true" req="LOOT_COMPASS">
		<color r="200" g="55" b="82" a="1" />
		<unvisitedTooltip>An unvisited location.</unvisitedTooltip>
		<visitedTooltip>Explored location. Nothing left of interest.</visitedTooltip>
		<undiscoveredTooltip>An unvisited location.</undiscoveredTooltip>
	</beaconType>
	<text>"There was a time I might have sided with the Federation, but seeing the kind of barbarians it employs to 'enforce peace and prosperity' across the Multiverse has shown me! This is for all my fellow greenbloods you massacred on your way here to disturb the peace, scum!"</text>
	<ship load="SHIP_AEA_CULT_REINFORCEMENTS" hostile="true" />
	<environment type="PDS" target="player" />
	<choice hidden="true">
		<text>Continue...</text>
		<event load="COMBAT_CHECK" />
	</choice>
</event>

<!--
\\\\\\\\\\\\\\\\\\\\\\\\\\\\\\\\\\\\\\\\\\\\\\\\\\\\\\\\\\\\\\\\\\\\\\\\\\\\\\\\\\\\\\\\\\\\\\\\\\\\\\\\\\\\\\\\\\\\\\\\\\\\\\\\\\\\\\
\\\\\\\\\\\\\\\\\\\\\\\\\\\\\\\\\\\\\\\\\\\\\\\\\\\\\\\\\\\\\\\\\\\\\\\\\\\\\\\\\\\\\\\\\\\\\\\\\\\\\\\\\\\\\\\\\\\\\\\\\\\\\\\\\\\\\\
					AEA_CULT
\\\\\\\\\\\\\\\\\\\\\\\\\\\\\\\\\\\\\\\\\\\\\\\\\\\\\\\\\\\\\\\\\\\\\\\\\\\\\\\\\\\\\\\\\\\\\\\\\\\\\\\\\\\\\\\\\\\\\\\\\\\\\\\\\\\\\\
\\\\\\\\\\\\\\\\\\\\\\\\\\\\\\\\\\\\\\\\\\\\\\\\\\\\\\\\\\\\\\\\\\\\\\\\\\\\\\\\\\\\\\\\\\\\\\\\\\\\\\\\\\\\\\\\\\\\\\\\\\\\\\\\\\\\\\
-->	
<eventList name="STORELIST_AEA_CULT">
	<event load="STOREEVENT_MERCHANTS" />
	<event load="STOREEVENT_TERRAFORMING" />
	<event load="STOREEVENT_WEATHER_STUCK" />
	
	<event load="STOREEVENT_FED_OUTPOSTDAMAGE" />
	
	<event load="STOREEVENT_ZOLTAN_GUARDS" />
	
	<event load="STOREEVENT_ORCHID_KERNELS" />
	<event load="STOREEVENT_ORCHID_STATION" />
	
	<event load="STOREEVENT_VAMPWEED_INSURRECTIONIST" />
	<event load="STOREEVENT_VAMPWEED_SPORES" />
	<event load="STOREEVENT_VAMPWEED_TERRAFORMER" />

	<event load="STOREEVENT_AEA_CULT_SPELLS" />
	
	<event load="STOREEVENT_MANTIS_RARE" />
	<event load="STOREEVENT_MANTIS_WHALE" />
	
	<event load="STOREEVENT_COALITION_MYSTERYRACE" />
	<event load="STOREEVENT_COALITION_RACES" />
	<event load="STOREEVENT_COALITION_FORCE" />
	
	<event load="STOREEVENT_SLUG_TRAP" />
	
	<event load="STOREEVENT_LEECH_SCAVENGER" />
	
	<event load="STOREEVENT_PIRATE_ODDSHOP" />
	
	<event load="STOREEVENT_SHELL_BOWLING" />
	
	<event load="STOREEVENT_TONY" />
</eventList>

<event name="STOREEVENT_AEA_CULT_SPELLS" unique="true">
	<preventQuest />
	<beaconType id="map_icon_store_orchid" global="true">
		<color r="200" g="100" b="200" a="1" />
	</beaconType>
	<text>This beacon is an outpost and trade hub for the Cult of the bud. Theres a varied collection of spells here, you'll probably need to pickup a few cultists if you want to use them.</text>
	<ship load="SHIP_ORCHID_STATION" hostile="false" />
	<choice hidden="true">
		<text>Visit the market.</text>
		<event>
			<text>Multiple Orchids wave to customers, trying to get their attention, while curious shoppers of various species look about.</text>
			<choice hidden="true">
				<text>Continue...</text>
				<event load="STORE_LOAD_AEA_CULT" />
			</choice>
		</event>
	</choice>
	<choice hidden="true">
		<text>Attack the Orchids.</text>
		<event>
			<text>Looks like no one's eager in helping out the Orchids, though your attack sends the market into lockdown. No time to worry about that, you need to focus your sights on your new prey.</text>
			<ship hostile="true" />
			<choice hidden="true">
				<text>Continue...</text>
				<event load="MORALITY_UPDATE_ORCHID_FIGHT" />
			</choice>
		</event>
	</choice>
</event>
<event name="STORE_LOAD_AEA_CULT">
	<store>STORE_AEA_CULT</store>
	<text>Before you shop, you still have some time to do something else aboard the ship.</text>
	<choice>
		<text>Do something onboard the ship.</text>
		<event load="STORAGE_CHECK" />
	</choice>
	<choice>
		<text>Do nothing.</text>
		<event />
	</choice>
</event>

<!--
\\\\\\\\\\\\\\\\\\\\\\\\\\\\\\\\\\\\\\\\\\\\\\\\\\\\\\\\\\\\\\\\\\\\\\\\\\\\\\\\\\\\\\\\\\\\\\\\\\\\\\\\\\\\\\\\\\\\\\\\\\\\\\\\\\\\\\
\\\\\\\\\\\\\\\\\\\\\\\\\\\\\\\\\\\\\\\\\\\\\\\\\\\\\\\\\\\\\\\\\\\\\\\\\\\\\\\\\\\\\\\\\\\\\\\\\\\\\\\\\\\\\\\\\\\\\\\\\\\\\\\\\\\\\\
					AEA_CULT
\\\\\\\\\\\\\\\\\\\\\\\\\\\\\\\\\\\\\\\\\\\\\\\\\\\\\\\\\\\\\\\\\\\\\\\\\\\\\\\\\\\\\\\\\\\\\\\\\\\\\\\\\\\\\\\\\\\\\\\\\\\\\\\\\\\\\\
\\\\\\\\\\\\\\\\\\\\\\\\\\\\\\\\\\\\\\\\\\\\\\\\\\\\\\\\\\\\\\\\\\\\\\\\\\\\\\\\\\\\\\\\\\\\\\\\\\\\\\\\\\\\\\\\\\\\\\\\\\\\\\\\\\\\\\
-->	
<ship name="SHIP_AEA_CULT_TRANSPORT_LOOT" auto_blueprint="AEA_CULT_TRANSPORT">
	<escape timer="40" min="999" max="999">
		<text>They look like they don't want to fight. They are trying to escape.</text>
		<ship hostile="true" />
	</escape>
	<destroyed load="TRANSPORT_DESTROYED" />
	<deadCrew load="TRANSPORT_CAPTURE_AEA_CULT" />
</ship>

<event name="TRANSPORT_AEA_CULT_LOOT" unique="true">
	<preventQuest />
	<beaconType id="map_icon_transport" global="true" req="LOOT_COMPASS">
		<color r="255" g="186" b="0" a="1" />
		<unvisitedTooltip>An unvisited location.</unvisitedTooltip>
		<visitedTooltip>Explored location. Nothing left of interest.</visitedTooltip>
		<undiscoveredTooltip>An unvisited location.</undiscoveredTooltip>
	</beaconType>
	<text>This beacon hosts a Cultist transport. It's safe to bet the ship is most likely carrying some special tech. If you can kill its crew, their cargo will be yours.</text>
	<ship load="SHIP_AEA_CULT_TRANSPORT_LOOT" hostile="false" />
	<choice>
		<text>Demand the surrender of their goods.</text>
		<event>
			<text>You prepare to secure their cargo by force.</text>
			<ship hostile="true" />
			<choice hidden="true">
				<text>Continue...</text>
				<event load="MORALITY_UPDATE_VAMPWEED_FIGHT" />
			</choice>
		</event>
	</choice>
	<choice req="VAMPWEED_CREW_MORAL">
        <text>(Confederate Elite + Good Reputation) Talk to the transport.</text>
        <event>
            <text>Your crew speaks to the transport's captain, explaining the importance of your mission. The transport's captain seems to understand, but also mentions the cargo they're carrying is vital to their own nation. If you're willing to pay in compensation, they're willing to make an exception.</text>
            <choice>
				<text>Buy the cargo.</text>
				<event>
					<text>The transaction is done. With the looks of it, this piece of equipment might prove useful.</text>
					<achievement>ACH_TRANS_CONVINCE</achievement>
					<weapon name="LIST_LOOT_AEA_CULT" />
					<item_modify>
						<item type="scrap" min="-75" max="-60" />
					</item_modify>
					<choice>
						<text>Continue...</text>
						<event>
							<achievement>ACH_TRANS_AEA_CULT</achievement>
						</event>
					</choice>
				</event>
			</choice>
			<choice>
				<text>Refuse and attack the transport.</text>
				<event>
					<text>You prepare to secure their cargo by force.</text>
					<ship hostile="true" />
					<choice hidden="true">
						<text>Continue...</text>
						<event load="MORALITY_UPDATE_VAMPWEED_FIGHT" />
					</choice>
				</event>
			</choice>
			<choice hidden="true">
				<text>Nevermind.</text>
				<event>
					<text>The transport captain shrugs and continues on their way.</text>
					<choice hidden="true">
						<text>Do something onboard the ship.</text>
						<event load="STORAGE_CHECK" />
					</choice>
					<choice hidden="true">
						<text>Do nothing.</text>
						<event />
					</choice>
				</event>
			</choice>
        </event>
    </choice>
	<choice>
        <text>Avoid the ship.</text>
        <event>
            <text>They stay outside your weapons range, and eventually jump away.</text>
			<choice hidden="true">
				<text>Do something onboard the ship.</text>
				<event load="STORAGE_CHECK" />
			</choice>
			<choice hidden="true">
				<text>Do nothing.</text>
				<event />
			</choice>
        </event>
    </choice>
</event>
<event name="TRANSPORT_CAPTURE_AEA_CULT" unique="true">
	<text>The crew is dead, leaving you with the ship. Its cargo is yours for the taking. Aboard is the special tech you expected, which you bring back to your ship.</text>
	<autoReward level="MED">standard_no_item</autoReward>
	<achievement>ACH_TRANS_AEA_CULT</achievement>
	<weapon name="AEA_LASER_CULT_LOOT" />
	<variable name="ach_trans_aea_cult" op="set" val="1" />
</event>

<!--
\\\\\\\\\\\\\\\\\\\\\\\\\\\\\\\\\\\\\\\\\\\\\\\\\\\\\\\\\\\\\\\\\\\\\\\\\\\\\\\\\\\\\\\\\\\\\\\\\\\\\\\\\\\\\\\\\\\\\\\\\\\\\\\\\\\\\\
\\\\\\\\\\\\\\\\\\\\\\\\\\\\\\\\\\\\\\\\\\\\\\\\\\\\\\\\\\\\\\\\\\\\\\\\\\\\\\\\\\\\\\\\\\\\\\\\\\\\\\\\\\\\\\\\\\\\\\\\\\\\\\\\\\\\\\
					AEA_CULT
\\\\\\\\\\\\\\\\\\\\\\\\\\\\\\\\\\\\\\\\\\\\\\\\\\\\\\\\\\\\\\\\\\\\\\\\\\\\\\\\\\\\\\\\\\\\\\\\\\\\\\\\\\\\\\\\\\\\\\\\\\\\\\\\\\\\\\
\\\\\\\\\\\\\\\\\\\\\\\\\\\\\\\\\\\\\\\\\\\\\\\\\\\\\\\\\\\\\\\\\\\\\\\\\\\\\\\\\\\\\\\\\\\\\\\\\\\\\\\\\\\\\\\\\\\\\\\\\\\\\\\\\\\\\\
-->	
<event name="DESTROYED_AEA_CULT">
	<text load="TEXT_DESTROYED_AEA_CULT" />
	<autoReward level="MED">standard</autoReward>
</event>
<textList name="TEXT_DESTROYED_AEA_CULT">
	<text>The vampweed captain salutes to his crew and accepts his fate. "At least I die a proud industrialist and democrat, and not a butcher for a corrupt bureaucracy! GLORY TO THE CONFEDERACY!"</text>
	<text>Without any words, the Confederate vessel explodes. The possibly expensive factory cargo is jettisonned far out into the abyss out of reach, but at least you can scrap the debris.</text>
	<text>"Noooo! I never even... got pollen on my pistil... Screw you, Renegade!"</text>
	<text>With the death of this vessel, the workforce of the mighty Confederate economy is now a couple workers shorter.</text>
</textList>

<event name="DEAD_CREW_AEA_CULT">
	<text load="TEXT_DEAD_CREW_AEA_CULT" />
	<autoReward level="HIGH">standard</autoReward>
</event>
<textList name="TEXT_DEAD_CREW_AEA_CULT">
	<text>The halls of the once lively vampweed vessel are now as silent as the living members of their Floral brethren. Perhaps there's something poetic to this, but you're here for scrap and not deeper meanings.</text>
	<text>"I'm not a religious man, that's a greenleaf's thing... but when you're taking your last breath, it's a rather spiritual moment. God... I hope there isn't a hell..."</text>
	<text>As you board the cultist vessel to scrap it, you find various propaganda and paraphernalia relating to the Coalition and the Confederacy. These guys were apparently radicals and nationalists, but in a court of law, you aren't sure that would hold as a defense on its own.</text>
</textList>

<event name="SURRENDER_AEA_CULT">
	<text load="TEXT_SURRENDER_AEA_CULT" />
	<choice>
		<text>Accept their surrender.</text>
		<event load="SURRENDER_ACCEPT" />
	</choice>
	<choice>
		<text load="GENERIC_SURRENDER_CHOICE_NOMERCY" />
		<event />
	</choice>
</event>
<textList name="TEXT_SURRENDER_AEA_CULT">
	<text>"Okay, okay! I've been hitting the liquor a bit hard and it made me act stupid. Maybe I have a problem. Look, if you spare me, I'll give you whatever I've got AND I promise I'll get help, okay? Deal?"</text>
	<text>Out of breath, the vampweed captain's petals are a bit singed at the tips. "If the Federation... truly represents peace as it claims... then I hope you will find it in you to spare me... despite my mistakes here today."</text>
	<text>"You can't kill me, I'm a valued member of the industrial work force! If I'm not there screwing the cap onto every Kardoche fertilizer bottle, then who else will?!"</text>
	<text>The vampweed nods to you. "I... apologize for my rash behavior. I have made an ill decision in fighting you. This is the kind of behavior that caused the old war. I hope you have it in your heart to forgive me."</text>
	<text>The Confederate captain falls to his knees, begging you for mercy. He apologizes on behalf of his entire species for their past mistakes and offers you all of this month's wages at his factory job in return for sparing him.</text>
</textList>

<event name="AEA_CULT_TEST_FIGHT">
    <text>TEST.</text>
    <ship load="SHIP_AEA_CULT_ALL" hostile="true"/>
    <choice hidden="true">
        <text>Continue...</text>
        <event load="COMBAT_CHECK"/>
    </choice>
</event>

<!-- 
**********************************************************************************************************************
                                                 AEA_CULT SHIPS 
**********************************************************************************************************************
-->
<ship name="SHIP_AEA_CULT_ALL" auto_blueprint="LIST_SHIPS_AEA_CULT_ALL">
	<surrender chance="0.65" min="1" max="3" load="SURRENDER_AEA_CULT" />
	<destroyed load="DESTROYED_AEA_CULT" />
	<deadCrew load="DEAD_CREW_AEA_CULT" />
</ship>
<ship name="SHIP_AEA_CULT_GENERIC" auto_blueprint="LIST_SHIPS_AEA_CULT_GENERIC">
	<destroyed load="DESTROYED_AEA_CULT" />
	<deadCrew load="DEAD_CREW_AEA_CULT" />
</ship>
<ship name="SHIP_AEA_CULT_FIGHT" auto_blueprint="LIST_SHIPS_AEA_CULT_FIGHT">
	<destroyed load="DESTROYED_AEA_CULT" />
	<deadCrew load="DEAD_CREW_AEA_CULT" />
</ship>
<ship name="SHIP_AEA_CULT_STATION" auto_blueprint="AEA_CULT_STATION">
	<destroyed load="DESTROYED_AEA_CULT" />
	<deadCrew load="DEAD_CREW_AEA_CULT" />
</ship>

<ship name="SHIP_AEA_CULT_FACTORY" auto_blueprint="LIST_SHIPS_AEA_CULT_FIGHT">
	<destroyed>
		<text>You've destroyed the Cultist vessel and gain access to the factory, you quickly loot it before moving on.</text>
		<autoReward level="HIGH">standard</autoReward>
	</destroyed>
	<deadCrew>
		<text>You've cleared out the cultist and gain access to the factory, you quickly loot it before moving on.</text>
		<autoReward level="HIGH">standard_no_item</autoReward>
		<weapon name="RANDOM"/>
	</deadCrew>
</ship>

<ship name="SHIP_AEA_CULT_WHALE" auto_blueprint="AEA_CULT_WHALE">
	<destroyed>
		<text>You've killed the whale.

You monster!.</text>
		<autoReward level="HIGH">standard</autoReward>
	</destroyed>
</ship>

<ship name="SHIP_AEA_CULT_ELITE_FIGHT" auto_blueprint="LIST_SHIPS_VAMPWEED_ELITE_FIGHT">
	<destroyed load="DEFEAT_VAMPWEED_ELITE" />
	<deadCrew load="DEFEAT_VAMPWEED_ELITE" />
	<crew>
		<crewMember type="aea_cult_priest_bor" prop="0.25" />
		<crewMember type="aea_cult_priest_sup" prop="0.25" />
		<crewMember type="aea_cult_priest_off" prop="0.25" />
		<crewMember type="orchid_cultivator" prop="0.25" />
	</crew>
</ship>

<event name="DEFEAT_VAMPWEED_ELITE">
    <text>You've managed to take down an elite cultist ship, and now the remains are yours to scrap.</text>
    <autoReward level="HIGH">standard_no_item</autoReward>
    <choice hidden="true">
        <text>Continue...</text>
        <event>
            <text>It seems the cargo of the Elite Cultist ship survived the fight. Inside is a functional weapon, which you bring back on board.</text>
            <weapon name="GIFTLIST_SPORE_ELITE" />
        </event>
    </choice>
</event>

<ship name="SHIP_AEA_CULT_WHALE_HUNTER" auto_blueprint="LIST_SHIPS_CLAN_LARGE">
	<destroyed>
		<text>You expected the Clansmen to surrender at least once, but they never did. Instead, your final blow rocks the ship, and you watch as it explodes...</text>
		<autoReward level="MED">standard</autoReward>
		<choice hidden="true">
			<text>Continue...</text>
			<event load="AEA_CULT_WHALE_SAVE"/>
		</choice>
	</destroyed>
	<deadCrew>
		<text>You've successfully neutralised the Clan vessel, allowing you to board it to claim your spoils.</text>
		<autoReward level="HIGH">standard</autoReward>
		<choice hidden="true">
			<text>Continue...</text>
			<event load="AEA_CULT_WHALE_SAVE"/>
		</choice>
	</deadCrew>
	<crew>
		<crewMember type="slug_clansman" prop="0.7" />
		<crewMember type="slug_ranger" prop="0.3" />
	</crew>
</ship>

<ship name="SHIP_AEA_CULT_FLOWER_TRUE" auto_blueprint="AEA_CULT_BOSS_FLOWER" />
<ship name="SHIP_AEA_CULT_FLOWER_FAKE" auto_blueprint="AEA_CULT_BOSS_FLOWER_FAKE">
	<destroyed load="AEA_CULT_CON_FLOWER_DEAD"/>
</ship>
</FTL>