<?xml version="1.0" encoding="UTF-8"?>

<!--Copyright (c) 2012 by Subset Games. All rights reserved.-->
<img x="-50" y="-33" w="285" h="331" />
<offsets>
	<floor x="142" y="165" />
	<cloak x="0" y="0" />
</offsets>
<weaponMounts>
	<mount x="39" y="78" rotate="false" mirror="true" gib="-1" slide="left" />
	<mount x="254" y="160" rotate="false" mirror="false" gib="-1" slide="right" />
	<mount x="171" y="85" rotate="false" mirror="false" gib="-1" slide="up" />
</weaponMounts>
<explosion />

