<?xml version="1.0" encoding="UTF-8"?>

<!--Copyright (c) 2012 by Subset Games. All rights reserved.-->
<img x="-31" y="-32" w="272" h="314" />
<offsets>
	<floor x="136" y="157" />
	<cloak x="0" y="0" />
</offsets>
<weaponMounts>
	<mount x="168" y="50" rotate="false" mirror="true" gib="-1" slide="left" />
	<mount x="104" y="50" rotate="false" mirror="false" gib="-1" slide="right" />
	<mount x="260" y="138" rotate="false" mirror="false" gib="-1" slide="right" />
	<mount x="12" y="138" rotate="false" mirror="true" gib="-1" slide="left" />
	<mount x="223" y="35" rotate="false" mirror="false" gib="-1" slide="up" />
	<mount x="49" y="35" rotate="false" mirror="true" gib="-1" slide="up" />
</weaponMounts>
<explosion />

