<FTL>
<!--
\\\\\\\\\\\\\\\\\\\\\\\\\\\\\\\\\\\\\\\\\\\\\\\\\\\\\\\\\\\\\\\\\\\\\\\\\\\\\\\\\\\\\\\\\\\\\\\\\\\\\\\\\\\\\\\\\\\\\\\\\\\\\\\\\\\\\\
\\\\\\\\\\\\\\\\\\\\\\\\\\\\\\\\\\\\\\\\\\\\\\\\\\\\\\\\\\\\\\\\\\\\\\\\\\\\\\\\\\\\\\\\\\\\\\\\\\\\\\\\\\\\\\\\\\\\\\\\\\\\\\\\\\\\\\
\\\\\\\\\\\\\\\\\\\\\\\\\\\\\\\\\\\\\\\\\\\\\\\\\\\\\\\\\\\\\\\\\\\\\\\\\\\\\\\\\\\\\\\\\\\\\\\\\\\\\\\\\\\\\\\\\\\\\\\\\\\\\\\\\\\\\\
\\\\\\\\\\\\\\\\\\\\\\\\\\\\\\\\\\\\\\\\\\\\\\\\\\\\\\\\\\\\\\\\\\\\\\\\\\\\\\\\\\\\\\\\\\\\\\\\\\\\\\\\\\\\\\\\\\\\\\\\\\\\\\\\\\\\\\
\\\\\\\\\\\\\\\\\\\\\\\\\\\\\\\\\\\\\\\\\\\\\\\\\\\\\\\\\\\\\\\\\\\\\\\\\\\\\\\\\\\\\\\\\\\\\\\\\\\\\\\\\\\\\\\\\\\\\\\\\\\\\\\\\\\\\\
\\\\\\\\\\\\\\\\\\\\\\\\\\\\\\\\\\\\\\\\\\\\\\\\\\\\\\\\\\\\\\\\\\\\\\\\\\\\\\\\\\\\\\\\\\\\\\\\\\\\\\\\\\\\\\\\\\\\\\\\\\\\\\\\\\\\\\
					LYLMIK SECTOR 3
\\\\\\\\\\\\\\\\\\\\\\\\\\\\\\\\\\\\\\\\\\\\\\\\\\\\\\\\\\\\\\\\\\\\\\\\\\\\\\\\\\\\\\\\\\\\\\\\\\\\\\\\\\\\\\\\\\\\\\\\\\\\\\\\\\\\\\
\\\\\\\\\\\\\\\\\\\\\\\\\\\\\\\\\\\\\\\\\\\\\\\\\\\\\\\\\\\\\\\\\\\\\\\\\\\\\\\\\\\\\\\\\\\\\\\\\\\\\\\\\\\\\\\\\\\\\\\\\\\\\\\\\\\\\\
\\\\\\\\\\\\\\\\\\\\\\\\\\\\\\\\\\\\\\\\\\\\\\\\\\\\\\\\\\\\\\\\\\\\\\\\\\\\\\\\\\\\\\\\\\\\\\\\\\\\\\\\\\\\\\\\\\\\\\\\\\\\\\\\\\\\\\
\\\\\\\\\\\\\\\\\\\\\\\\\\\\\\\\\\\\\\\\\\\\\\\\\\\\\\\\\\\\\\\\\\\\\\\\\\\\\\\\\\\\\\\\\\\\\\\\\\\\\\\\\\\\\\\\\\\\\\\\\\\\\\\\\\\\\\
\\\\\\\\\\\\\\\\\\\\\\\\\\\\\\\\\\\\\\\\\\\\\\\\\\\\\\\\\\\\\\\\\\\\\\\\\\\\\\\\\\\\\\\\\\\\\\\\\\\\\\\\\\\\\\\\\\\\\\\\\\\\\\\\\\\\\\
\\\\\\\\\\\\\\\\\\\\\\\\\\\\\\\\\\\\\\\\\\\\\\\\\\\\\\\\\\\\\\\\\\\\\\\\\\\\\\\\\\\\\\\\\\\\\\\\\\\\\\\\\\\\\\\\\\\\\\\\\\\\\\\\\\\\\\
-->
<event name="START_BEACON_AEA_OLD_3">
	<text>You've arrived near the gate out of the quarantine.</text>
	<changeBackground>BACK_SECTOR_AEA_NECRO</changeBackground>
	<playSound>lightspeed</playSound>
	<choice>
		<text>Do something onboard the ship.</text>
		<event load="STORAGE_CHECK" />
	</choice>
	<choice>
		<text>Do nothing.</text>
		<event />
	</choice>
</event>
<event name="AEA_OLD_3_EXIT">
	<preventQuest />
	<preventFleet />
	<beaconType id="map_icon_aea_old_council" global="true">
		<color r="119" g="0" b="0" a="1"/>
		<unvisitedTooltip>This is the location of the Council Administration Building.</unvisitedTooltip>
		<visitedTooltip>This is the location of the Council Administration Building.</visitedTooltip>
	</beaconType>
	<text>You've arrived near the gate out of the exit.</text>
	<choice>
		<text>Do something onboard the ship.</text>
		<event load="STORAGE_CHECK" />
	</choice>
	<choice>
		<text>Do nothing.</text>
		<event />
	</choice>
</event>

<event name="AEA_OLD_3_BOSS">
	<img back="BACKGROUND" planet="NONE" />
	<loadEventList seeded="false" first="true" generate="false">
		<event name="AEA_OLD_SHOWDOWN_CASUAL" req="challenge_level" lvl="0" max_lvl="0" />
		<event name="AEA_OLD_SHOWDOWN_NORMAL" req="challenge_level" lvl="1" max_lvl="1" />
		<event name="AEA_OLD_SHOWDOWN_CHALLENGE" req="challenge_level" lvl="2" max_lvl="2" />
		<event name="AEA_OLD_SHOWDOWN_EXTREME" req="challenge_level" lvl="3" max_lvl="3" />
	</loadEventList>
</event>

<ship name="SHIP_AEA_OLD_FINAL_BOSS_CASUAL" auto_blueprint="AEA_OLD_FINAL_BOSS_CASUAL">
	<deadCrewAuto />
	<destroyed load="AEA_OLD_SHOWDOWN_WIN" />
	<deadCrew load="AEA_OLD_SHOWDOWN_AUTO" />
	<deadCrewAuto />
</ship>
<ship name="SHIP_AEA_OLD_FINAL_BOSS_NORMAL" auto_blueprint="AEA_OLD_FINAL_BOSS_NORMAL">

	<deadCrewAuto />
	<triggeredEvent event="POWER_SURGE_AEA_OLD_3" seeded="false" loops="999999999" thisFight="true" minTime="30.0" maxTime="50.0">
		<warningMessage id="warning_power_surge" x="692" y="84" time="5.0" centerText="true" flash="true" sound="surgeWarning" useWarningLine="true" />
	</triggeredEvent>
	<destroyed load="AEA_OLD_SHOWDOWN_WIN" />
	<deadCrew load="AEA_OLD_SHOWDOWN_AUTO" />
	<deadCrewAuto />
</ship>
<ship name="SHIP_AEA_OLD_FINAL_BOSS_CHALLENGE" auto_blueprint="AEA_OLD_FINAL_BOSS_CHALLENGE">

	<deadCrewAuto />
	<triggeredEvent event="POWER_SURGE_AEA_OLD_3" seeded="false" loops="999999999" thisFight="true" minTime="30.0" maxTime="40.0">
		<warningMessage id="warning_power_surge" x="692" y="84" time="5.0" centerText="true" flash="true" sound="surgeWarning" useWarningLine="true" />
	</triggeredEvent>
	<destroyed load="AEA_OLD_SHOWDOWN_WIN" />
	<deadCrew load="AEA_OLD_SHOWDOWN_AUTO" />
	<deadCrewAuto />
</ship>
<ship name="SHIP_AEA_OLD_FINAL_BOSS_EXTREME" auto_blueprint="AEA_OLD_FINAL_BOSS_EXTREME">

	<deadCrewAuto />
	<triggeredEvent event="POWER_SURGE_AEA_OLD_3" seeded="false" loops="999999999" thisFight="true" minTime="20.0" maxTime="35.0">
		<warningMessage id="warning_power_surge" x="692" y="84" time="5.0" centerText="true" flash="true" sound="surgeWarning" useWarningLine="true" />
	</triggeredEvent>
	<destroyed load="AEA_OLD_SHOWDOWN_WIN" />
	<deadCrew load="AEA_OLD_SHOWDOWN_AUTO" />
	<deadCrewAuto />
</ship>

<event name="POWER_SURGE_AEA_OLD_3">
	<superBarrage player="false" name="MFK_LASER_SURGE" />
</event>
<event name="AEA_OLD_SHOWDOWN_AUTO">
	<text>It appears this ship is also equipped with an advanced AI system. Now that the crew is dead, it has taken control! You sense oxygen levels dropping on the Flagship as well...</text>
	<status type="limit" target="enemy" system="oxygen" amount="0" />
</event>



<event name="AEA_OLD_SHOWDOWN_CASUAL">
	<metaVariable name="juke_aea_old_3" op="set" val="1" />
	<text>You arrive at the beacon to discover a massive vessel blocking your path. Your sponsor appears concerned, although its hard to tell with Lylmiks. "This shouldn't be here, I'll try to reach out to them." It doesn't take you long to realize they aren't here for a chat.</text>
	<ship load="SHIP_AEA_OLD_FINAL_BOSS_CASUAL" hostile="false" />
	<choice hidden="true">
		<text>Continue...</text>
		<event>
			<text>You didn't come this far to give up now. There's nothing left to do but destroy this ship if you want to escape. You lylmik sponsor has clearly given up on trying to get them to stand down.</text>
			<ship hostile="true" />
			<choice hidden="true">
				<text>Continue...</text>
				<event load="COMBAT_CHECK" />
			</choice>
		</event>
	</choice>
</event>
<event name="AEA_OLD_SHOWDOWN_NORMAL">
	<metaVariable name="juke_aea_old_3" op="set" val="1" />
	<text>You arrive at the beacon to discover a massive vessel blocking your path. Your sponsor appears concerned, although its hard to tell with Lylmiks. "This shouldn't be here, I'll try to reach out to them." It doesn't take you long to realize they aren't here for a chat.</text>
	<ship load="SHIP_AEA_OLD_FINAL_BOSS_NORMAL" hostile="false" />
	<choice hidden="true">
		<text>Continue...</text>
		<event>
			<text>You didn't come this far to give up now. There's nothing left to do but destroy this ship if you want to escape. You lylmik sponsor has clearly given up on trying to get them to stand down.</text>
			<ship hostile="true" />
			<choice hidden="true">
				<text>Continue...</text>
				<event load="COMBAT_CHECK" />
			</choice>
		</event>
	</choice>
</event>
<event name="AEA_OLD_SHOWDOWN_CHALLENGE">
	<metaVariable name="juke_aea_old_3" op="set" val="1" />
	<text>You arrive at the beacon to discover a massive vessel blocking your path. Your sponsor appears concerned, although its hard to tell with Lylmiks. "This shouldn't be here, I'll try to reach out to them." It doesn't take you long to realize they aren't here for a chat.</text>
	<ship load="SHIP_AEA_OLD_FINAL_BOSS_CHALLENGE" hostile="false" />
	<choice hidden="true">
		<text>Continue...</text>
		<event>
			<text>You didn't come this far to give up now. There's nothing left to do but destroy this ship if you want to escape. You lylmik sponsor has clearly given up on trying to get them to stand down.</text>
			<ship hostile="true" />
			<choice hidden="true">
				<text>Continue...</text>
				<event load="COMBAT_CHECK" />
			</choice>
		</event>
	</choice>
</event>
<event name="AEA_OLD_SHOWDOWN_EXTREME">
	<metaVariable name="juke_aea_old_3" op="set" val="1" />
	<text>You arrive at the beacon to discover a massive vessel blocking your path. Your sponsor appears concerned, although its hard to tell with Lylmiks. "This shouldn't be here, I'll try to reach out to them." It doesn't take you long to realize they aren't here for a chat.</text>
	<ship load="SHIP_AEA_OLD_FINAL_BOSS_EXTREME" hostile="false" />
	<choice hidden="true">
		<text>Continue...</text>
		<event>
			<text>You didn't come this far to give up now. There's nothing left to do but destroy this ship if you want to escape. You lylmik sponsor has clearly given up on trying to get them to stand down.</text>
			<ship hostile="true" />
			<choice hidden="true">
				<text>Continue...</text>
				<event load="COMBAT_CHECK" />
			</choice>
		</event>
	</choice>
</event>






<event name="AEA_OLD_SHOWDOWN_WIN">
	<text>You watch in triumphant jubilation as the Flagship explodes. You've won this battle!.</text>
	<autoReward level="HIGH">standard_no_item</autoReward>
	<achievement silent="false">ACH_AEA_OLD_END</achievement>
	<clearSuperDrones player="false" />
	<choice hidden="true">
		<text>Continue...</text>
		<event/>
	</choice>
</event>

<event name="AEA_OLD_VICTORY_LOAD">
	<loadEvent>AEA_OLD_VICTORY</loadEvent>
</event>
<event name="AEA_OLD_VICTORY">
	<preventQuest />
	<preventFleet />
	<beaconType id="map_icon_aea_old_gate" global="true">
		<color r="120" g="99" b="84" a="1"/>
		<unvisitedTooltip>This is the location of a large structure.</unvisitedTooltip>
		<visitedTooltip>This is the location of a large structure.</visitedTooltip>
	</beaconType>
	<text>You've finally made it to the gate, only a moment away from being able to return to the multiverse and kill the flagship.</text>
	<!--metaVariable name="juke_showdown" op="set" val="1" /-->
	<unlockCustomShip silent="false">PLAYER_SHIP_AEA_OLD_ARMOUR</unlockCustomShip>
	<choice hidden="true">
		<text>Enter the gate.</text>
		<event>
			<text>You pilot your ship through the gate, its unlikely anyone will ever believe you about this place.</text>
			<choice hidden="true">
				<text>Continue...</text>
				<event>
					<secretSectorWarp>AEA_OLD_FLAGSHIP_END</secretSectorWarp>
					<secretSector />
				</event>
			</choice>
		</event>
	</choice>
	<choice hidden="true" req="LIST_CREW_PARAGON_UNIQUE">
		<text>Talk with your crew.</text>
		<event load="AEA_OLD_VICTORY_CREW" />
	</choice>
</event>
<event name="AEA_OLD_VICTORY_CREW">
	<text>You look around at your crew, who are standing, waiting for your verdict.</text>
	<checkCargo />
	<choice hidden="true" req="aea_old_unique_1">
		<text>Ask Atoning Unifex about this.</text>
		<event load="AEA_OLD_VICTORY_CREW_AEA_OLD_UNIQUE_1" />
	</choice>
	<choice hidden="true" req="aea_old_unique_2">
		<text>Ask Asymptotic Essence about this.</text>
		<event load="AEA_OLD_VICTORY_CREW_AEA_OLD_UNIQUE_2" />
	</choice>
	<choice hidden="true" req="aea_old_unique_3">
		<text>Ask Eupathic Impulse about this.</text>
		<event load="AEA_OLD_VICTORY_CREW_AEA_OLD_UNIQUE_3" />
	</choice>
	<choice hidden="true" req="aea_old_unique_4">
		<text>Ask Homologous Trend about this.</text>
		<event load="AEA_OLD_VICTORY_CREW_AEA_OLD_UNIQUE_4" />
	</choice>
	<choice hidden="true" req="aea_old_unique_5">
		<text>Ask Noetic Concordance about this.</text>
		<event load="AEA_OLD_VICTORY_CREW_AEA_OLD_UNIQUE_5" />
	</choice>

	<choice hidden="true" req="unique_haynes">
		<text>Ask Haynes about this.</text>
		<event load="AEA_OLD_VICTORY_CREW_DETECTIVE" />
	</choice>
	<choice hidden="true" req="unique_tully">
		<text>Ask Tully about this.</text>
		<event load="AEA_OLD_VICTORY_CREW_TULLY" />
	</choice>
	<choice hidden="true" req="LIST_A55">
		<text>Ask A5540L3 about this.</text>
		<event load="AEA_OLD_VICTORY_CREW_A55" />
	</choice>
	<choice hidden="true" req="LIST_CREW_JERRY">
		<text>Ask Jerry about this.</text>
		<event load="AEA_OLD_VICTORY_CREW_JERRY" />
	</choice>
	<choice hidden="true" req="unique_anurak">
		<text>Ask Anurak about this.</text>
		<event load="AEA_OLD_VICTORY_CREW_ANURAK" />
	</choice>
	<choice hidden="true" req="unique_devorak">
		<text>Ask Devorak about this.</text>
		<event load="AEA_OLD_VICTORY_CREW_DEVORAK" />
	</choice>
	<choice hidden="true" req="unique_turzil">
		<text>Ask Turzil about this.</text>
		<event load="AEA_OLD_VICTORY_CREW_TURZIL" />
	</choice>
	<choice hidden="true" req="unique_mayeb">
		<text>Ask Mayeb about this.</text>
		<event load="AEA_OLD_VICTORY_CREW_MAYEB" />
	</choice>
	<choice hidden="true" req="unique_ivar">
		<text>Ask Ivar about this.</text>
		<event load="AEA_OLD_VICTORY_CREW_IVAR" />
	</choice>
	<choice hidden="true" req="unique_tyerel">
		<text>Ask Ty E'Rel about this.</text>
		<event load="AEA_OLD_VICTORY_CREW_TYEREL" />
	</choice>
	<choice hidden="true" req="unique_alkali">
		<text>Ask Alkali about this.</text>
		<event load="AEA_OLD_VICTORY_CREW_ALKALI" />
	</choice>
	<choice hidden="true" req="unique_ooj">
		<text>Ask OOJ MAJOO about this.</text>
		<event load="AEA_OLD_VICTORY_CREW_OOJ" />
	</choice>
	<choice hidden="true" req="LIST_CREW_ELLIE_COSTUME">
		<text>Ask Ellie about this.</text>
		<event load="AEA_OLD_VICTORY_CREW_ELLIE" />
	</choice>
	<choice hidden="true" req="unique_ellie_stephan">
		<text>Ask Stephan about this.</text>
		<event load="AEA_OLD_VICTORY_CREW_STEPHAN" />
	</choice>
	<choice hidden="true" req="unique_nights">
		<text>Ask Nights about this.</text>
		<event load="AEA_OLD_VICTORY_CREW_NIGHTS" />
	</choice>
	<choice hidden="true" req="unique_slocknog">
		<text>Ask Slocknog about this.</text>
		<event load="AEA_OLD_VICTORY_CREW_SLOCKNOG" />
	</choice>
	<choice hidden="true" req="unique_irwin">
		<text>Ask Irwin about this.</text>
		<event load="AEA_OLD_VICTORY_CREW_IRWIN" />
	</choice>
	<choice hidden="true" req="unique_alkram">
		<text>Ask Alkram about this.</text>
		<event load="AEA_OLD_VICTORY_CREW_ALKRAM" />
	</choice>
	<choice hidden="true" req="unique_tyrdeo">
		<text>Ask Tyrdeo about this.</text>
		<event load="AEA_OLD_VICTORY_CREW_TYRDEO" />
	</choice>
	<choice hidden="true" req="LIST_CREW_FREDDY">
		<text>Ask Freddy about this.</text>
		<event load="AEA_OLD_VICTORY_CREW_FREDDY" />
	</choice>
	<choice hidden="true" req="unique_kaz">
		<text>Ask Kaz about this.</text>
		<event load="AEA_OLD_VICTORY_CREW_KAZ" />
	</choice>
	<choice hidden="true" req="unique_ariadne">
		<text>Ask Ariadne about this.</text>
		<event load="AEA_OLD_VICTORY_CREW_ARIADNE" />
	</choice>
	<choice hidden="true" req="unique_ruwen">
		<text>Ask Ruwen about this.</text>
		<event load="AEA_OLD_VICTORY_CREW_RUWEN" />
	</choice>
	<choice hidden="true" req="unique_dianesh">
		<text>Ask Dianesh about this.</text>
		<event load="AEA_OLD_VICTORY_CREW_DIANESH" />
	</choice>
	<choice hidden="true" req="unique_tuco">
		<text>Ask Tuco about this.</text>
		<event load="AEA_OLD_VICTORY_CREW_TUCO" />
	</choice>
	<choice hidden="true" req="unique_eater">
		<text>Ask the Beacon Eater about this.</text>
		<event load="AEA_OLD_VICTORY_CREW_EATER" />
	</choice>
	<choice hidden="true" req="unique_anointed">
		<text>Ask the Anointed about this.</text>
		<event load="AEA_OLD_VICTORY_CREW_ANOINTED" />
	</choice>
	<choice hidden="true" req="unique_dessius">
		<text>Ask Dessius about this.</text>
		<event load="AEA_OLD_VICTORY_CREW_DESSIUS" />
	</choice>
	<choice hidden="true" req="unique_vortigon">
		<text>Ask Vortigon about this.</text>
		<event load="AEA_OLD_VICTORY_CREW_VORTIGON" />
	</choice>
	<choice hidden="true" req="unique_billy">
		<text>Ask Billy about this.</text>
		<event load="AEA_OLD_VICTORY_CREW_BILLY" />
	</choice>
	<choice hidden="true" req="unique_sylvan">
		<text>Ask Sylvan about this.</text>
		<event load="AEA_OLD_VICTORY_CREW_SYLVAN" /> <!--NO UNLOCK-->
	</choice>
	<choice hidden="true" req="LIST_CREW_QUEEN">
		<text>Check on the Spider Queen.</text>
		<event load="AEA_OLD_VICTORY_CREW_QUEEN" />
	</choice>
	<choice hidden="true" req="unique_obyn">
		<text>Ask Obyn about this.</text>
		<event load="AEA_OLD_VICTORY_CREW_OBYN" />
	</choice>
	<choice hidden="true" req="unique_symbiote">
		<text>Ask Tintan and Rig about this.</text>
		<event load="AEA_OLD_VICTORY_CREW_SYMBIOTE" />
	</choice>
	<choice hidden="true" req="unique_tonysr">
		<text>Ask Tony Sr. about this.</text>
		<event load="AEA_OLD_VICTORY_CREW_TONY" />
	</choice>
	<choice hidden="true" req="unique_guntput">
		<text>Ask Guntput about this.</text>
		<event load="AEA_OLD_VICTORY_CREW_GUNTPUT" />
	</choice>
	<choice hidden="true" req="unique_metyunt">
		<text>Ask Metyunt about this.</text>
		<event load="AEA_OLD_VICTORY_CREW_METYUNT" />
	</choice>
	<choice hidden="true" req="ORCHID_KIDS">
		<text>Ask the Orchid children what to do.</text>
		<event load="AEA_OLD_VICTORY_CREW_CHILD" />
	</choice>
	<choice hidden="true" req="unique_wither"> <!--NO UNLOCK-->
		<text>Ask Aenwithe what to do.</text>
		<event load="AEA_OLD_VICTORY_CREW_WITHER" />
	</choice>
	<choice hidden="true" req="aea_acid_bill">
		<text>Ask Bill about this.</text>
		<event load="AEA_OLD_VICTORY_CREW_AEA_BILL" />
	</choice>
	<choice hidden="true" req="aea_necro_king">
		<text>Ask L-0031 about this.</text>
		<event load="AEA_OLD_VICTORY_CREW_AEA_KING" />
	</choice>
	<choice hidden="true" req="AEA_TINY">
		<text>Ask Tiny about this.</text>
		<event load="AEA_OLD_VICTORY_CREW_AEA_TINY" />
	</choice>
	<choice hidden="true" req="aea_bird_unique">
		<text>Ask Jay about this.</text>
		<event load="AEA_OLD_VICTORY_CREW_AEA_JAY" />
	</choice>
	<choice hidden="true" req="aea_shleg_sickle">
		<text>Ask Sickle about this.</text>
		<event load="AEA_OLD_VICTORY_CREW_AEA_SICKLE" />
	</choice>
	<choice hidden="true" req="aea_shleg_sorrow">
		<text>Ask Sorrow about this.</text>
		<event load="AEA_OLD_VICTORY_CREW_AEA_SORROW" />
	</choice>
	<choice hidden="true" req="aea_shard_dawn">
		<text>Ask King Onyx about this.</text>
		<event load="AEA_OLD_VICTORY_CREW_AEA_ONYX" />
	</choice>
</event>

<event name="AEA_OLD_VICTORY_CREW_DETECTIVE">
	<text>"We've come far, yeah? To think, not that long ago I was just working on a simple murder case, and I thought that was the most excitement I'd see in my whole life! Now look at us! I must say, it would be a terrible shame for my legacy to end like this, but whatever you choose, I'm onboard."</text>
	<unlockCustomShip silent="false">CREW_SHIP_SLOT1</unlockCustomShip>
	<choice hidden="true">
		<text>Continue...</text>
		<event load="AEA_OLD_VICTORY_LOAD" />
	</choice>
</event>
<event name="AEA_OLD_VICTORY_CREW_TULLY">
	<text>"To think, I was worried about a silly civil war when such greater things were happening behind my back. How could I go back to the Federation now that I know it's all for naught? Vance, my oldest friend, is gone. I should have remorse, but he was gone long before this conflict. Don't let me influence your decision here, I haven't got a single right to sway your mind. You're the Admiral now, captain."</text>
	<unlockCustomShip silent="false">CREW_SHIP_SLOT1_2</unlockCustomShip>
	<choice hidden="true">
		<text>Continue...</text>
		<event load="AEA_OLD_VICTORY_LOAD" />
	</choice>
</event>
<event name="AEA_OLD_VICTORY_CREW_A55">
	<text>"Arg lad, it's been fun serving you. End of the day, don't matter much if I was built by Rebels or not when I got to be a part of your crew, matey. It'd be a mighty shame for the pirate king to die like this, but only because it's one hell of a story I could never tell!"</text>
	<unlockCustomShip silent="false">CREW_SHIP_SLOT1_3</unlockCustomShip>
	<choice hidden="true">
		<text>Continue...</text>
		<event load="AEA_OLD_VICTORY_LOAD" />
	</choice>
</event>
<event name="AEA_OLD_VICTORY_CREW_JERRY">
	<text>Jerry looks down at his feet. "I... I think it's a good thing my uncle is gone. Not to say I hated him, but for the good of the Multiverse it's only best. I suppose this makes me the hero Vance always wanted me to be, just not in the way he expected. Savior of the Multiverse is a pretty good title! I'm glad I met you, captain. I'll stick with you to the end, whether that's today, tomorrow, or the end of time itself."</text>
	<unlockCustomShip silent="false">CREW_SHIP_SLOT2</unlockCustomShip>
	<choice hidden="true">
		<text>Continue...</text>
		<event load="AEA_OLD_VICTORY_LOAD" />
	</choice>
</event>
<event name="AEA_OLD_VICTORY_CREW_ANURAK">
	<text>"Oh dear, Shellskenbry! This is really quite something! I don't... I don't know what to make of it all! But, you want my opinion on this? Oh I'm not very good with decisions. No no not at all! Uhm... oh my... uh... uh... I think you should do it! The bomb! The bomb... is what you should do. Yes. Uhm. I don't know why. It's just what first comes to my head. I think if I tried to explain it I might change my mind and I don't want that kind of indecision right now! Just... just do it quickly, okay? Oh I hope it doesn't hurt..."</text>
	<unlockCustomShip silent="false">CREW_SHIP_SLOT2_2</unlockCustomShip>
	<choice hidden="true">
		<text>Continue...</text>
		<event load="AEA_OLD_VICTORY_LOAD" />
	</choice>
</event>
<event name="AEA_OLD_VICTORY_CREW_DEVORAK">
	<text>"That bastard Vance finally got what was coming to him, and I am damn glad I was aboard the ship that did it. If that does not clear my name to the eyes of the Federation and the Ministry, then I'll be damned. As for me... Blowing up myself along with the rest of time and space sounds like a pretty fitting end to my story. I've served my purpose - don't let me hold you back from pulling the trigger."</text>
	<unlockCustomShip silent="false">CREW_SHIP_SLOT2_2</unlockCustomShip>
	<choice hidden="true">
		<text>Continue...</text>
		<event load="AEA_OLD_VICTORY_LOAD" />
	</choice>
</event>
<event name="AEA_OLD_VICTORY_CREW_TURZIL">
	<text>"It is [untraditional] for an Engi to feel emotions. It would seem my -logical- receptors have been clogged by most unusually pleasurable feelings in your company. This is not the mission I signed up for. But I do not regret it. I must [remind] you however, that my people still need me. My absence would cause -disastrous- consequences. But so would the continuation of the war. A troubling dilemma. Most troubling."</text>
	<unlockCustomShip silent="false">CREW_SHIP_SLOT2_3</unlockCustomShip>
	<choice hidden="true">
		<text>Continue...</text>
		<event load="AEA_OLD_VICTORY_LOAD" />
	</choice>
</event>
<event name="AEA_OLD_VICTORY_CREW_MAYEB">
    <text>"All I've ever known is my life in the gardens, tending and advocating for plants that can't fight for themselves. Those plants, not to mention most life that exists out there, know nothing about Rebels, multiverses, Obelisks, interstellar wars... What I'm trying to say is, if we have to lay down our lives so that they won't be tread underfoot by forces they can't even comprehend, then I'm behind you all the way."</text>
    <unlockCustomShip silent="false">CREW_SHIP_ORCHID</unlockCustomShip>
    <choice hidden="true">
        <text>Continue...</text>
        <event load="AEA_OLD_VICTORY_LOAD" />
    </choice>
</event>
<event name="AEA_OLD_VICTORY_CREW_IVAR">
    <text>Ivar is drinking some of his nicest wine in celebration, and offers you a glass as well. "Me? I think the multiverse is a nice thing. Sure, it might be dangerous, but I don't believe in limiting ourselves out of fear. Hah, but don't listen to me; I'm not gonna tell you what to think. Let's just share a glass before you make your decision. If you do decide to end it, just give me a minute or so to make sure the crew is drunk and happy first. Got it?"</text>
    <unlockCustomShip silent="false">CREW_SHIP_ORCHID_2</unlockCustomShip>
    <choice hidden="true">
        <text>Continue...</text>
        <event load="AEA_OLD_VICTORY_LOAD" />
    </choice>
</event>
<event name="AEA_OLD_VICTORY_CREW_TYEREL">
    <text>Ty E'Rel is leaning back in his comfy chair, with his roots up on his ottoman. The desk is neatly arranged, all the papers are put in their proper places. As he meets your gaze, he gestures to the chair next to his. The two of you sit, wordlessly relaxing after a long and arduous journey. Resting here, he appears even older than he usually does. Eventually, you get up to leave, but as you open the door, you finally hear him speak. 

	"You should do it." 

	He doesn't say anything more.</text>
    <unlockCustomShip silent="false">CREW_SHIP_ORCHID_3</unlockCustomShip>
    <choice hidden="true">
        <text>Continue...</text>
        <event load="AEA_OLD_VICTORY_LOAD" />
    </choice>
</event>
<event name="AEA_OLD_VICTORY_CREW_ALKALI">
	<text>"Hahahah! I knew thhhere ain't no shit like immortal demigod aliens. We sure put the fear of science in thhhhose narcissists. I'll be highly disappointed if you flick thhhat switch and I don't get to rub my victory in thhhat bitch Nerva's stupid little face. Hah!... Erm. Sorry. You're alright, kid. I expected worse when we first met. Don't let it go to your head hearing it coming from me; thhhough I wouldn't blame you if it did."</text>
	<unlockCustomShip silent="false">CREW_SHIP_SLOT3</unlockCustomShip>
	<choice hidden="true">
		<text>Continue...</text>
		<event load="AEA_OLD_VICTORY_LOAD" />
	</choice>
</event>
<event name="AEA_OLD_VICTORY_CREW_OOJ">
	<text>"Pur too look-loo kik pik ripple steep." You have no idea what this means, but the sentiment behind it is not lost when OOJ shapes himself into a large heart. You give the giant blob a hug as he jiggles in your arms.</text>
	<unlockCustomShip silent="false">CREW_SHIP_SLOT3_2</unlockCustomShip>
	<choice hidden="true">
		<text>Continue...</text>
		<event load="AEA_OLD_VICTORY_LOAD" />
	</choice>
</event>
<event name="AEA_OLD_VICTORY_CREW_ELLIE">
	<text>"Hahahah! Ellie is on top of the world! On top of the Multiverse! Neeeiiiigh!" Ellie spins around in circles. "It would be a shame for Ellie to die now! She still has a duty to all the children, all the children who will never see Ellie again if she died! Don't blow the bomb superfan, think about what you'd be robbing the Multiverse of!"</text>
	<unlockCustomShip silent="false">CREW_SHIP_SLOT3_3</unlockCustomShip>
	<choice hidden="true">
		<text>Continue...</text>
		<event load="AEA_OLD_VICTORY_LOAD" />
	</choice>
</event>
<event name="AEA_OLD_VICTORY_CREW_STEPHAN">
	<text>"We've come so far! Maybe... maybe after this, I really am a hero. Something for children to look up to... Even if they'll never know what we've done. I don't... I don't care what happens next. You've given me a chance at redemption, and that's all I care about. Thank you, captain."</text>
	<unlockCustomShip silent="false">CREW_SHIP_SLOT3_3</unlockCustomShip>
	<choice hidden="true">
		<text>Continue...</text>
		<event load="AEA_OLD_VICTORY_LOAD" />
	</choice>
</event>
<event name="AEA_OLD_VICTORY_CREW_NIGHTS">
	<text>Nights scowls at you, but on his face you can see the faintest line of a smile you've ever seen in him outside of when he's being smug. "For the record, I ssstill hate you. But compared to everyone I hate, I hate you sssslightly lessss than the ressst. Anywayssss, thisss sssure hasss been a real sssshitty trip. If you're tellin' me I gotta blow myssself up after all of thisss, I'm gonna ssstrangle you." Knowing Nights, this is likely the closest thing anyone will ever come to for being his friend. Hopefully he isn't being serious about strangling you though.</text>
	<unlockCustomShip silent="false">CREW_SHIP_SLOT4</unlockCustomShip>
	<choice hidden="true">
		<text>Continue...</text>
		<event load="AEA_OLD_VICTORY_LOAD" />
	</choice>
</event>
<event name="AEA_OLD_VICTORY_CREW_SLOCKNOG">
	<text>"Beat being king, the name Ssslocknog isss going down in hissstory as ssssavior of the universssse! Hehehe. Wait, if we blow that bomb, no one will know about thisss, will they? Ehhh, ssscrew thossse guysss. If you want my sssay, I sssay blow it. I got nothin' to go back to anywayssss."</text>
	<unlockCustomShip silent="false">CREW_SHIP_SLOT4_2</unlockCustomShip>
	<choice hidden="true">
		<text>Continue...</text>
		<event load="AEA_OLD_VICTORY_LOAD" />
	</choice>
</event>
<event name="AEA_OLD_VICTORY_CREW_IRWIN">
	<text>"I... I don't know what to think, mate. All thisss time I thought I wasss some hot ssshot Renegade hunting the biggessst game in the Multiversssse... and all thisss time I've jussst been an insssignificant ssspeck in the grand ssscheme of two different massster plansss. I feel like I'm having a moment of introssspection and I HATE it. Pleassse, don't let me live to sssee myssself become a good perssson. The Multiversssse sssucksss anywaysss. That bomb'll do only good."</text>
	<unlockCustomShip silent="false">CREW_SHIP_SLOT4_3</unlockCustomShip>
	<choice hidden="true">
		<text>Continue...</text>
		<event load="AEA_OLD_VICTORY_LOAD" />
	</choice>
</event>
<event name="AEA_OLD_VICTORY_CREW_ALKRAM">
	<text>Alkram grunts, pretending to be indifferent to the situation. "When we first met, the most important thing on my mind was overthrowing Tyrdeo. Yet, now that seems so insignificant... I'm a soldier, not a speaker. Lemme put my words as blunt as possible for you. Only way my people or ANY people are ever gonna learn, is when we stop relying on other people to fix our problems. This whole Multiversal War thing isn't helping anyone when the Federation, Rebellion, Coalition, or god knows who else keeps intervening and 'fixing' everything. I implore you to blow that bomb and put things the way they were before for the sake of everyone."</text>
	<unlockCustomShip silent="false">CREW_SHIP_SLOT5</unlockCustomShip>
	<choice hidden="true">
		<text>Continue...</text>
		<event load="AEA_OLD_VICTORY_LOAD" />
	</choice>
</event>
<event name="AEA_OLD_VICTORY_CREW_TYRDEO">
	<text>"Oh sweet heavens I feel faint. Is it true? We're alive? Remarkable. You're the first person not on my payroll to stand at my side while facing such adversity. I cannot thank you for all you've done for me. It feels out of place for silly old me to have any say in this... but I'd like to keep living. And I'm sure you would too. Heh... What do you think happens if we die to that thing? Are we gone for good? Oh I don't want to think about it."</text>
	<unlockCustomShip silent="false">CREW_SHIP_SLOT5_2</unlockCustomShip>
	<choice hidden="true">
		<text>Continue...</text>
		<event load="AEA_OLD_VICTORY_LOAD" />
	</choice>
</event>
<event name="AEA_OLD_VICTORY_CREW_FREDDY">
	<text>"Good work chap, this is truly a spectacular moment and I couldn't think of any better way to spend it than sipping tea at the end of time. You do intend to blow the bomb, yes? Don't worry about me, the Free Mantis haven't relied on my support for years. They'll be scared, yes, but they'll make do. No more Multiverse means no more Rebels, and maybe things will finally settle down for once. My days were numbered anyways. A Mantis can only live so long."</text>
	<unlockCustomShip silent="false">CREW_SHIP_SLOT6</unlockCustomShip>
	<choice hidden="true">
		<text>Continue...</text>
		<event load="AEA_OLD_VICTORY_LOAD" />
	</choice>
</event>
<event name="AEA_OLD_VICTORY_CREW_KAZ">
	<text>Kazaaak seems uncertain of what to say. "For first time in long time, I am not knowing what to say. You are greater warrior than I ever was. But think, if we do not detonate Paragon and return home, we could achieve so much more! We could be greatest heroes in all of time! How could you pass up this chance?"</text>
	<unlockCustomShip silent="false">CREW_SHIP_SLOT6_2</unlockCustomShip>
	<choice hidden="true">
		<text>Continue...</text>
		<event load="AEA_OLD_VICTORY_LOAD" />
	</choice>
</event>
<event name="AEA_OLD_VICTORY_CREW_ARIADNE">
	<text>Even in the face of this great triumph, Ariadne remains stoic, save for a faint smirk on her face. "When I offered my services to you captain, I didn't expect you to drag me across the Multiverse into the pit of demigods to overthrow the Rebellion. But - it's been an honor. However, my initial mission is not complete. The Theocracy has not yet been defeated. I'm afraid that bomb of yours will do little to stop the Elders. I understand this is not my call to make, but I hope you have considered the weight of this decision."</text>
	<unlockCustomShip silent="false">CREW_SHIP_SLOT7</unlockCustomShip>
	<choice hidden="true">
		<text>Continue...</text>
		<event load="AEA_OLD_VICTORY_LOAD" />
	</choice>
</event>
<event name="AEA_OLD_VICTORY_CREW_RUWEN">
	<text>"I feel as though I have served a purpose far greater than the one I set out to. You are truly the most remarkable, accomplished captain I have ever had the honor of meeting. You remind me of someone else I met long ago, another Federation captain.. But even they couldn't come close to this! But, would the destruction of the Multiverse be worth it? Think of the wonders that this technology could accomplish. It's much the same situation as my people - there will be chaos in the beginning, but I'm certain things must settle eventually. No war can truly last forever!"</text>
	<unlockCustomShip silent="false">CREW_SHIP_SLOT7_2</unlockCustomShip>
	<choice hidden="true">
		<text>Continue...</text>
		<event load="AEA_OLD_VICTORY_LOAD" />
	</choice>
</event>
<event name="AEA_OLD_VICTORY_CREW_DIANESH">
	<text>"To think, I merely joined your vessel as a trial to judge you foreigners. I think it is safe to say you have passed that test, and with flying colors. I wish I had the same fervor, to go jumping across the Multiverse just to save reality. This Multiverse tech has been the ruin of many civilizations, but it has also been the birth and savior of so many more. Had you asked me any other day, I would say to detonate that bomb in an instant. But now, I can only wonder if it's best left unused..."</text>
	<unlockCustomShip silent="false">CREW_SHIP_SLOT6_3</unlockCustomShip>
	<choice hidden="true">
		<text>Continue...</text>
		<event load="AEA_OLD_VICTORY_LOAD" />
	</choice>
</event>
<event name="AEA_OLD_VICTORY_CREW_TUCO">
	<text>"This whole journey I've felt drunker than I ever did back on Sky-Drifter. It's been one hell of a trip. But hah, I can drink to this victory!" Tuco pulls out a remarkably still intact bottle of booze and downs it in seconds. "My glory days are long since over. The Multiverse doesn't need me, and frankly no one needs the Multiverse either. But if we do live past this day, I'd love to share another drink with ya, pal."</text>
	<unlockCustomShip silent="false">CREW_SHIP_SLOT7_3</unlockCustomShip>
	<choice hidden="true">
		<text>Continue...</text>
		<event load="AEA_OLD_VICTORY_LOAD" />
	</choice>
</event>
<event name="AEA_OLD_VICTORY_CREW_EATER">
	<text>"Sparing words, difficulty communication. Symbolic gestures appropriate of more timing." The Beacon Eater retracts his mighty spikes for the first time since you met and reaches over to give you a hug. You didn't know Lanius could even do that. You prod further but it seems the Beacon Eater has nothing to say about the Paragon. For a creature that's been alive longer than the Obelisk Empire itself, it's not surprising he cares little about his own mortality anymore.</text>
	<unlockCustomShip silent="false">CREW_SHIP_SLOT8</unlockCustomShip>
	<choice hidden="true">
		<text>Continue...</text>
		<event load="AEA_OLD_VICTORY_LOAD" />
	</choice>
</event>
<event name="AEA_OLD_VICTORY_CREW_ANOINTED">
	<text>"From ancient ruins I heard mention of Paragon. But never in even dreams was I thinking I find it! If I am Anointed, then you are divine beyond doubt!" The Anointed bows to you. "For centuries my people revere Obelisks as gods, but now I am knowing of their true menace. I could not thinking any better end to their empire than the destruction of Multiverse."</text>
	<unlockCustomShip silent="false">CREW_SHIP_SLOT8_2</unlockCustomShip>
	<choice hidden="true">
		<text>Continue...</text>
		<event load="AEA_OLD_VICTORY_LOAD" />
	</choice>
</event>
<event name="AEA_OLD_VICTORY_CREW_DESSIUS">
	<text>"Oh grandfather Aneidio, if only thou could witness me now! Y-you. You are not worthy of a title. You have ascended past such mortal things. You have but completed in such short time what the legacy of all 16 Reapers could never. What are you? I dare not insult you with conjecture. But if you should accept my humblest opinion, then hark and listen. This Paragon, oh foul creation, is a tool of the Obelisks. An antithesis to their power yes, but of their making. Should it not seem to you most cruel after all of this to give them their way and let it be their invention that divide reality? The Obelisks will fall, but the Multiverse is a fact of our existence. Would it not be sorrowful to deprive reality of such a beautiful thing, to defile nature once again with the patent of cruel gods? Think these thoughts I ask of you, but do not let me be the one to stop you."</text>
	<unlockCustomShip silent="false">CREW_SHIP_SLOT8_3</unlockCustomShip>
	<choice hidden="true">
		<text>Continue...</text>
		<event load="AEA_OLD_VICTORY_LOAD" />
	</choice>
</event>
<event name="AEA_OLD_VICTORY_CREW_VORTIGON">
	<text>You find Vortigon is not with the rest of the crew, rather he has crumpled into a ball in the corner of the ship. "Oh you, Almighty Slayer of the Infernal Cube Demons, Saviour of the Multiverse, and Grand Lord of Being Above Average, everything I have ever known is a lie. I have SEEN the Ember spirits with my own eyes and I have killed them with my hands. How could a god bleed? Divinity is a lie. I cannot live with myself. I have led so many men and women astray, I have poisoned the masses with tainted lies. Yes, I believed them too, but if fate was not the one that put me there, then it was my own hubris. I ask you one final favor. I do not care what you do with the Paragon, it's far beyond my worries. But if we live past this day, take mercy on me and see to it I never return to my home. Cast me into the abyss before you sentence me to looking into the eyes of my victims once more."</text>
	<unlockCustomShip silent="false">CREW_SHIP_SLOTA</unlockCustomShip>
	<choice hidden="true">
		<text>Continue...</text>
		<event load="AEA_OLD_VICTORY_LOAD" />
	</choice>
</event>
<event name="AEA_OLD_VICTORY_CREW_BILLY">
	<text>"Thissss isssn't quite what I expected when I joined your crew. But hey, if there wasss any doubt about a galactic hero, an interdimenssssional hero sssure asss hell doesssn't pay taxesss! Oh, and uh... thanksss for not ssstabbing me in the back, like everyone elssse hassss. Now, assssuming we live, do you think I could ssstart ssselling Paragon merchandise? I could immortalize your image forever! But if you don't mind, I'd really like to go home. I have ssso many thingsss I need to fix, and if our journey endsss here, I'll never get the chance."</text>
	<unlockCustomShip silent="false">CREW_SHIP_SLOTA_2</unlockCustomShip>
	<choice hidden="true">
		<text>Continue...</text>
		<event load="AEA_OLD_VICTORY_LOAD" />
	</choice>
</event>
<event name="AEA_OLD_VICTORY_CREW_SYLVAN"> <!--no unlock-->
	<text>Sylvan puts a tentacle on your shoulder. "Ssstranger... in the many yearssss I've lived in thisss wild Multiverssse, I've ssseen about all there isss to ssssee. Or at leassst, ssso I thought, until I met you. The moment I firssst sssaw you, I knew you were going to be ssssomething. Ssso many runsss, eh? Feelsss like agessss, but to you it could have just been hourssss. Oh look at me rambling. Don't worry about me ssstranger. There'ssss an endlessss amount of me'sssss, and regardless of what happensss with that Paragon, we'll ssssee each other again." Sylvan winks at you and slithers away.</text>
	<choice hidden="true">
		<text>Continue...</text>
		<event load="AEA_OLD_VICTORY_LOAD" />
	</choice>
</event>
<event name="AEA_OLD_VICTORY_CREW_QUEEN">
	<text>The Queen lets out a soft pur and nudges you with her head. You aren't sure if she can comprehend the full scope of what's happening, but it's a heartfelt gesture nonetheless.</text>
	<unlockCustomShip silent="false">CREW_SHIP_SLOTB</unlockCustomShip>
	<choice hidden="true">
		<text>Continue...</text>
		<event load="AEA_OLD_VICTORY_LOAD" />
	</choice>
</event>
<event name="AEA_OLD_VICTORY_CREW_OBYN">
	<text>"Your heroics are unlike any other, captain. That fateful day we met, where you promised I would be a hero of the Federation, I did not expect this, and suspect you didn't either! My legend has been told, but it lacks an end. I've come to terms now with the truth. My people are gone. Maybe it's time I join them in the great beyond, if it's even real. If you choose to activate the bomb, well, I'd be content with that ending."</text>
	<unlockCustomShip silent="false">CREW_SHIP_SLOTB_2</unlockCustomShip>
	<choice hidden="true">
		<text>Continue...</text>
		<event load="AEA_OLD_VICTORY_LOAD" />
	</choice>
</event>
<event name="AEA_OLD_VICTORY_CREW_SYMBIOTE">
	<text>Tintan and Rig hobble over. "We cannot lie, it was hell like this in the beginning. But in this troubling journey we've come to terms with our situation. Forevermore we shall be known as Rintan." Rig's stomach rumbles. "What? Tinrig? That's stupid! God damn it. We're working on it. But our point was this; thank you. We weren't grateful at first, but now we realized you saved us. Though, we must ask one selfish thing. It would be a shame for this revelation to go to waste. Are you sure the Paragon would solve everything?"</text>
	<unlockCustomShip silent="false">CREW_SHIP_SLOTB_3</unlockCustomShip>
	<choice hidden="true">
		<text>Continue...</text>
		<event load="AEA_OLD_VICTORY_LOAD" />
	</choice>
</event>
<event name="AEA_OLD_VICTORY_CREW_TONY">
	<text>"You have shown me something I didn't expect to find. Hope. My life has been nothing but misery for the last 7 years. I was so close to ending it all. I owe you everything I have. But I cannot help but think that this Paragon is the solution to something far greater than any of us. Those Slugs, the damn bastards responsible for my suffering, are just one of many chaotic bad actors in this universe. They shouldn't have access to this tech. No one should."</text>
	<unlockCustomShip silent="false">CREW_SHIP_SLOTB_3</unlockCustomShip>
	<choice hidden="true">
		<text>Continue...</text>
		<event load="AEA_OLD_VICTORY_LOAD" />
	</choice>
</event>
<event name="AEA_OLD_VICTORY_CREW_GUNTPUT">
	<text>"In journey, I have seen both sides of technology. Good, bad. You undoubtedly are good. You fight for justice, even if actions sometimes questionable. Obelisk, purest form of technological corruption. This Paragon, it is fascinatingly grey. Most evilest of weapons, yet also only thing capable of ending technological evils! Glad I am not in your shoes, the decision ahead is incomprehensible in its difficulty. I am just glad I gave you second chance."</text>
	<unlockCustomShip silent="false">CREW_SHIP_SLOTA_3</unlockCustomShip>
	<choice hidden="true">
		<text>Continue...</text>
		<event load="AEA_OLD_VICTORY_LOAD" />
	</choice>
</event>
<event name="AEA_OLD_VICTORY_CREW_METYUNT">
	<text>"I have so little to say except... thank you. Thank you for giving me a second chance. Before we met I was nothing but a traitor, despised by my people and kept around only for my usefulness. While I may never be able to make it up to those I have betrayed, at least I have been given the chance to redeem myself through this journey."</text>
	<unlockCustomShip silent="false">CREW_SHIP_SLOTA_3</unlockCustomShip>
	<choice hidden="true">
		<text>Continue...</text>
		<event load="AEA_OLD_VICTORY_LOAD" />
	</choice>
</event>
<event name="AEA_OLD_VICTORY_CREW_WITHER"> <!--no unlock-->
	<text>"You've come so far - I'm impressed! For a mortal you're surprisingly resilient. But I implore you not to forget the mission. The Paragon must be detonated for the Obelisks to truly be defeated. I understand the sacrifice that must be made here, and trust me I don't look forward to it either. But our lives are just a drop in the ocean of those ruined by the Obelisks, Rebels, and even the Federation with the Multiverse tech in their hands."</text>
	<choice hidden="true">
		<text>Continue...</text>
		<event load="AEA_OLD_VICTORY_LOAD" />
	</choice>
</event>
<event name="AEA_OLD_VICTORY_CREW_CHILD"> <!--no unlock--> <!--or is there?-->
	<text>...</text>
	<choice hidden="true">
		<text>...</text>
		<event>
			<text>The children are gravely silent.</text>
			<unlockCustomShip silent="false">CREW_SHIP_WITHER_2</unlockCustomShip>
			<choice hidden="true">
				<text>Continue...</text>
				<event load="AEA_OLD_VICTORY_LOAD" />
			</choice>
		</event>
	</choice>
</event>
<event name="AEA_OLD_VICTORY_CREW_AEA_BILL">
	<text>"You know, I had no idea what I even was at the start of this, I was still naive and clueless, What I am now is all thanks to you, I'll be with you no matter what you choose"</text>
	<unlockCustomShip silent="false">PLAYER_SHIP_AEA_CREW1</unlockCustomShip>
	<choice hidden="true">
		<text>Continue...</text>
		<event load="AEA_OLD_VICTORY_LOAD" />
	</choice>
</event>
<event name="AEA_OLD_VICTORY_CREW_AEA_KING">
	<text>"This has the potential of ending the lives of hundreds of thousands of organics, you should use it."</text>
	<unlockCustomShip silent="false">PLAYER_SHIP_AEA_CREW2</unlockCustomShip>
	<choice hidden="true">
		<text>Continue...</text>
		<event load="AEA_OLD_VICTORY_LOAD" />
	</choice>
</event>
<event name="AEA_OLD_VICTORY_CREW_AEA_TINY">
	<text>Tiny just looks at you, you wonder if it even knows what the paragon is.</text>
	<unlockCustomShip silent="false">PLAYER_SHIP_AEA_CREW3</unlockCustomShip>
	<choice hidden="true">
		<text>Continue...</text>
		<event load="AEA_OLD_VICTORY_LOAD" />
	</choice>
</event>
<event name="AEA_OLD_VICTORY_CREW_AEA_JAY">
	<text>"Well, if you don't end up detonating the bomb, can I atleast try and disassemble it? I want to know how it works."</text>
	<unlockCustomShip silent="false">PLAYER_SHIP_AEA_CREW4</unlockCustomShip>
	<choice hidden="true">
		<text>Continue...</text>
		<event load="AEA_OLD_VICTORY_LOAD" />
	</choice>
</event>
<event name="AEA_OLD_VICTORY_CREW_AEA_SICKLE">
	<text>"Do it, it would be really cool."</text>
	<unlockCustomShip silent="false">PLAYER_SHIP_AEA_CREW5</unlockCustomShip>
	<choice hidden="true">
		<text>Continue...</text>
		<event load="AEA_OLD_VICTORY_LOAD" />
	</choice>
</event>
<event name="AEA_OLD_VICTORY_CREW_AEA_SORROW">
	<text>"Do it, it would be really cool."</text>
	<unlockCustomShip silent="false">PLAYER_SHIP_AEA_CREW5</unlockCustomShip>
	<choice hidden="true">
		<text>Continue...</text>
		<event load="AEA_OLD_VICTORY_LOAD" />
	</choice>
</event>
<event name="AEA_OLD_VICTORY_CREW_AEA_ONYX">
	<text>"Personally I'd rather live to see the Shard-Forged go on, I fear that without the dawnshard the balance we have may shatter."</text>
	<unlockCustomShip silent="false">PLAYER_SHIP_AEA_CREW6</unlockCustomShip>
	<choice hidden="true">
		<text>Continue...</text>
		<event load="AEA_OLD_VICTORY_LOAD" />
	</choice>
</event>

<event name="AEA_OLD_VICTORY_CREW_AEA_OLD_UNIQUE_1">
	<text>"This was certainly an adventure. Do not worry about me, when this body dies I'll return to a body back in Lylmik space."</text>
	<unlockCustomShip silent="false">PLAYER_SHIP_AEA_OLD_UNIA</unlockCustomShip>
	<choice hidden="true">
		<text>Continue...</text>
		<event load="AEA_OLD_VICTORY_LOAD" />
	</choice>
</event>
<event name="AEA_OLD_VICTORY_CREW_AEA_OLD_UNIQUE_2">
	<text>"This was certainly an adventure. Do not worry about me, when this body dies I'll return to a body back in Lylmik space."</text>
	<unlockCustomShip silent="false">PLAYER_SHIP_AEA_OLD_UNIA_2</unlockCustomShip>
	<choice hidden="true">
		<text>Continue...</text>
		<event load="AEA_OLD_VICTORY_LOAD" />
	</choice>
</event>
<event name="AEA_OLD_VICTORY_CREW_AEA_OLD_UNIQUE_3">
	<text>"This was certainly an adventure. Do not worry about me, when this body dies I'll return to a body back in Lylmik space."</text>
	<unlockCustomShip silent="false">PLAYER_SHIP_AEA_OLD_UNIA_3</unlockCustomShip>
	<choice hidden="true">
		<text>Continue...</text>
		<event load="AEA_OLD_VICTORY_LOAD" />
	</choice>
</event>
<event name="AEA_OLD_VICTORY_CREW_AEA_OLD_UNIQUE_4">
	<text>"This was certainly an adventure. Do not worry about me, when this body dies I'll return to a body back in Lylmik space."</text>
	<unlockCustomShip silent="false">PLAYER_SHIP_AEA_OLD_UNIB</unlockCustomShip>
	<choice hidden="true">
		<text>Continue...</text>
		<event load="AEA_OLD_VICTORY_LOAD" />
	</choice>
</event>
<event name="AEA_OLD_VICTORY_CREW_AEA_OLD_UNIQUE_5">
	<text>"This was certainly an adventure. Do not worry about me, when this body dies I'll return to a body back in Lylmik space."</text>
	<unlockCustomShip silent="false">PLAYER_SHIP_AEA_OLD_UNIB_2</unlockCustomShip>
	<choice hidden="true">
		<text>Continue...</text>
		<event load="AEA_OLD_VICTORY_LOAD" />
	</choice>
</event>


<event name="AEA_OLD_ENDING_START">
	<text>You've arrived in Node 17 just in time, the Rebel flagship is damaged but also close to being able to take over the federation base.</text>
	<ship load="AEA_OLD_ENDBOSS" hostile="true"/>
	<choice>
		<text>Continue...</text>
		<event load="COMBAT_CHECK"/>
	</choice>
</event>
<ship name="AEA_OLD_ENDBOSS" auto_blueprint="BOSS_3_EASY_DLC">
	<deadCrewAuto />
	<destroyed load="AEA_OLD_ENDBOSS_WIN" />
	<deadCrew load="AEA_OLD_SHOWDOWN_AUTO" />
	<deadCrewAuto />
	<finalBoss ach="aea_old_win" creditsText="credit_victory_aea_old_mutual" text="This is not the victory you hoped for, but it's one nonetheless." creditsBackground="VICTORY_DEFAULT" music="paragon" />
</ship>
<event name="AEA_OLD_ENDBOSS_WIN">
	<win ach="aea_old_win" music="paragon" creditsText="credit_victory_aea_old" text="Your victory over the flagship was overshadowed by your escape from the Lylmiks" creditsBackground="VICTORY_DEFAULT" />
</event>

</FTL>