<?xml version="1.0" encoding="UTF-8"?>

<!--Copyright (c) 2012 by Subset Games. All rights reserved.-->
<img x="-156" y="-111" w="430" h="664" />
<offsets>
	<floor x="215" y="332" />
	<cloak x="0" y="0" />
</offsets>
<weaponMounts>
	<mount x="301" y="127" rotate="false" mirror="false" gib="-1" slide="right" />
	<mount x="375" y="438" rotate="false" mirror="false" gib="-1" slide="right" />
	<mount x="158" y="182" rotate="false" mirror="true" gib="-1" slide="left" />
	<mount x="237" y="68" rotate="false" mirror="true" gib="-1" slide="up" />
	<mount x="135" y="268" rotate="true" mirror="false" gib="-1" slide="no" />
	<mount x="135" y="338" rotate="true" mirror="false" gib="-1" slide="no" />
	<mount x="135" y="408" rotate="true" mirror="false" gib="-1" slide="no" />
</weaponMounts>
<explosion />

