<?xml version="1.0" encoding="UTF-8"?>

<!--Copyright (c) 2012 by Subset Games. All rights reserved.-->
<img x="-148" y="-70" w="640" h="560" />
<offsets>
	<floor x="142" y="64" />
	<cloak x="0" y="0" />
</offsets>
<weaponMounts>
	<mount x="508" y="186" rotate="true" mirror="true" gib="-1" slide="up" />
	<mount x="508" y="374" rotate="true" mirror="false" gib="-1" slide="down" />
	<mount x="390" y="58" rotate="true" mirror="true" gib="-1" slide="up" />
	<mount x="390" y="502" rotate="true" mirror="false" gib="-1" slide="down" />
</weaponMounts>
<explosion />

