<FTL>
<event name="AEA_MODIFY_CLONEBAY">
	<text>The Dark Justicier can illegally modify your clone bay.
	[Effects: Clone bay no longer clones dead crew, on jump modified clone bay produces two random illegal clones who have a death timer of 30 seconds, modified clone bay prevents death timers from progressing while powered.]</text>
	<choice hidden="true">
		<text>Convert your clone bay. [Cost: 40~, 3|]</text>
		<event>
			<text>The existing clone bay is partially deconstructed in order to make way for the upgrades.</text>
			<item_modify>
				<item type="drones" min="-3" max="-3" />
				<item type="scrap" min="-40" max="-40" />
			</item_modify>
			<removeSystem player="true">clonebay</removeSystem>
			<choice hidden="true">
				<text>Continue...</text>
				<event>
					<text>The changes are made and you are left with a modifier clonebay.</text>
					<system name="aea_clone_crime" />
				</event>
			</choice>
		</event>
	</choice>
    <choice>
        <text>Nevermind.</text>
        <event load="STORAGE_CHECK" />
    </choice>
</event>

<event name="AEA_JUSTICIER_BOOK_LOAD">
    <loadEvent>AEA_JUSTICIER_BOOK</loadEvent>
</event>

<event name="AEA_JUSTICIER_BOOK">
    <text>You open the book.</text>
    <choice>
        <text>Nevermind.</text>
        <event load="STORAGE_CHECK" />
    </choice>
    <!--choice>
        <text>Read the Rules of Ritual.</text>
        <event load="AEA_JUSTICIER_BOOK_RULES" />
    </choice-->
    <choice>
        <text>Read the section on Blood Rituals.</text>
        <event load="AEA_JUSTICIER_BOOK_CREW" />
    </choice>
    <choice>
        <text>Read the section on Contract Rituals.</text>
        <event load="AEA_JUSTICIER_BOOK_TRADE" />
    </choice>
    <choice>
        <text>Read the section on Offense Rituals.</text>
        <event load="AEA_JUSTICIER_BOOK_ATTACK" />
    </choice>
</event>

<event name="AEA_JUSTICIER_BOOK_RULES">
    <text>You turn to the section of the book about the Rules of Ritual.</text>
    <choice hidden="true">
        <text>Go Back.</text>
        <event load="AEA_JUSTICIER_BOOK_LOAD" />
    </choice>
</event>
<event name="AEA_JUSTICIER_BOOK_CREW_LOAD">
    <loadEvent>AEA_JUSTICIER_BOOK_CREW</loadEvent>
</event>
<event name="AEA_JUSTICIER_BOOK_CREW">
    <text>You turn to the section of the book about Blood Rituals.</text>
    <choice hidden="true">
        <text>Go Back.</text>
        <event load="AEA_JUSTICIER_BOOK_LOAD" />
    </choice>
</event>
<event name="AEA_JUSTICIER_BOOK_TRADE_LOAD">
    <loadEvent>AEA_JUSTICIER_BOOK_TRADE</loadEvent>
</event>
<event name="AEA_JUSTICIER_BOOK_TRADE">
    <text>You turn to the section of the book about Contract Rituals.</text>
    <choice hidden="true">
        <text>Go Back.</text>
        <event load="AEA_JUSTICIER_BOOK_LOAD" />
    </choice>
</event>
<event name="AEA_JUSTICIER_BOOK_ATTACK_LOAD">
    <loadEvent>AEA_JUSTICIER_BOOK_ATTACK</loadEvent>
</event>
<event name="AEA_JUSTICIER_BOOK_ATTACK">
    <text>You turn to the section of the book about Offense Rituals.</text>
    <choice hidden="true">
        <text>Go Back.</text>
        <event load="AEA_JUSTICIER_BOOK_LOAD" />
    </choice>
</event>

<event name="AEA_JUSTICIER_BOOK_TEMPLATE_CREW">
    <text>Test</text>
    <choice hidden="true">
        <text>Go Back.</text>
        <event load="AEA_JUSTICIER_BOOK_CREW_LOAD" />
    </choice>
</event>

<event name="AEA_JUSTICIER_BOOK_TEMPLATE_TRADE">
    <text>Test</text>
    <choice hidden="true">
        <text>Go Back.</text>
        <event load="AEA_JUSTICIER_BOOK_TRADE_LOAD" />
    </choice>
</event>

<event name="AEA_JUSTICIER_BOOK_TEMPLATE_ATTACK">
    <text>Test</text>
    <choice hidden="true">
        <text>Go Back.</text>
        <event load="AEA_JUSTICIER_BOOK_ATTACK_LOAD" />
    </choice>
</event>

<event name="AEA_JUSTICIER_EMPTY"/>

<event name="AEA_SURGE_FIRE">
	<superBarrage player="true" name="AEA_SURGE_DARK_FIRE"/>
</event>

<event name="AEA_SURGE_DRONE">
	<superDrones player="true" name="AEA_SURGE_DARK_DRONE"/>
</event>

<event name="AEA_SURGE_LOCKDOWN">
	<superBarrage player="true" name="AEA_SURGE_DARK_LOCKDOWN"/>
</event>

<event name="AEA_SURGE_PARTICLE">
	<superBarrage player="true" name="AEA_SURGE_DARK_PARTICLE"/>
</event>

<event name="AEA_SURGE_BOARDING">
	<superBarrage player="true" name="AEA_SURGE_DARK_BOARDING"/>
</event>


<event name="AEA_SURGE_FIRE_ENEMY">
	<superBarrage player="false" name="AEA_SURGE_DARK_FIRE_ENEMY"/>
</event>

<event name="AEA_SURGE_DRONE_ENEMY">
	<superDrones player="false" name="AEA_SURGE_DARK_DRONE_ENEMY"/>
</event>

<event name="AEA_SURGE_LOCKDOWN_ENEMY">
	<superBarrage player="false" name="AEA_SURGE_DARK_LOCKDOWN_ENEMY"/>
</event>

<event name="AEA_SURGE_PARTICLE_ENEMY">
	<superBarrage player="false" name="AEA_SURGE_DARK_PARTICLE_ENEMY"/>
</event>

<event name="AEA_SURGE_BOARDING_ENEMY">
	<superBarrage player="false" name="AEA_SURGE_DARK_BOARDING_ENEMY"/>
</event>


<event name="AEA_JUSTICIER_FIGHT_ONE">
	<preventQuest/>
	<preventFleet/>
	<revisitEvent>AEA_FLEET_WRECK_ELITE</revisitEvent>
    <customFleet right="false" firing="false" autoDarkening="true">CUSTOM_FLEET_AEA_REBEL_WRECK</customFleet>
    <text>You've arrived in the middle of what was the rebel fleet to discover it destroyed. A large red battleship unlike you've ever seen before sits in the middle of the debree field. Unfortunately it turns it's attention to you, weapons armed.</text>
	<ship load="AEA_JUSTICE_BATTLESHIP" hostile="true" />
	<variable name="aea_justice_battleship_found" op="set" val="1"/>
	<choice hidden="true">
		<text>Continue...</text>
		<event load="COMBAT_CHECK" />
	</choice>
</event>

<ship name="AEA_JUSTICE_BATTLESHIP" auto_blueprint="AEA_JUSTICE_BATTLESHIP">
	<destroyed load="DESTROYED_JUSTICE_BATTLESHIP" />
	<deadCrew load="DEAD_CREW_JUSTICE_BATTLESHIP" />
</ship>

<event name="DESTROYED_JUSTICE_BATTLESHIP">
    <text>The ship fragments and explodes, as it does you detect an energy pulse, resembling that from a teleportation system, from the vessel. You scrap the remains of the ship.</text>
    <autoReward level="MED">standard</autoReward>
	<variable name="aea_justice_battleship" op="set" val="1"/>
</event> 
<event name="DEAD_CREW_JUSTICE_BATTLESHIP">
    <text>As the last of the crew fall dead, you recall that just before you were able to kill the mysterious captain of the vessel, they teleported away. You scrap the remains of the ship.</text>
    <autoReward level="HIGH">standard</autoReward>
	<variable name="aea_justice_battleship" op="set" val="1"/>
</event> 

<event name="AEA_JUSTICIER_FIGHT_TWO">
	<preventQuest/>
	<preventFleet/>
	<revisitEvent>AEA_FLEET_WRECK_ELITE</revisitEvent>
    <customFleet right="false" firing="false" autoDarkening="true">CUSTOM_FLEET_AEA_REBEL_WRECK</customFleet>
    <text>Once again you've arrived in the middle of what was the rebel fleet to discover it destroyed. A large red battleship unlike you've ever seen before sits in the middle of the debree field. Unfortunately it turns it's attention to you, weapons armed.</text>
	<ship load="AEA_JUSTICE_CRUISER" hostile="true" />
	<variable name="aea_justice_cruiser_found" op="set" val="1"/>
	<choice hidden="true">
		<text>Continue...</text>
		<event load="COMBAT_CHECK" />
	</choice>
</event>
<ship name="AEA_JUSTICE_CRUISER" auto_blueprint="AEA_JUSTICE_CRUISER">
	<destroyed load="DESTROYED_JUSTICE_CRUISER" />
	<deadCrew load="DEAD_CREW_JUSTICE_CRUISER" />
</ship>

<event name="DESTROYED_JUSTICE_CRUISER">
    <text>The ship fragments and explodes, A strange person teleports onboard your ship. "Renegade, you've proven yourself quite the capable combatant, however my god hungers for blood for which I cannot fulfill without a ship. Perhaps I can operate on board your vessel for a time?"</text>
    <autoReward level="MED">standard</autoReward>
	<metaVariable name="aea_justice_cruiser_unlock" op="set" val="1"/>
    <unlockCustomShip silent="false">PLAYER_SHIP_AEA_JUSTICE</unlockCustomShip>
    <choice hidden="false">
        <text>Accept them onboard.</text>
        <event>
            <text>The dark justicier joins the crew.</text>
            <crewMember amount="1" all_skills="1" class="aea_dark_justicier">The Dark Justicier</crewMember>
        </event>
    </choice>
    <choice hidden="true">
        <text>Decline.</text>
        <event>
            <text>They once again teleport away, where they went you're unsure.</text>
        </event>
    </choice>
</event> 
<event name="DEAD_CREW_JUSTICE_CRUISER">
    <text>As the last of the crew fall dead, A strange person teleports onboard your ship. "Renegade, you've proven yourself quite the capable combatant, however my god hungers for blood for which I cannot fulfill without a ship. Perhaps I can operate on board your vessel for a time?"</text>
    <autoReward level="HIGH">standard</autoReward>
	<metaVariable name="aea_justice_cruiser_unlock" op="set" val="1"/>
    <unlockCustomShip silent="false">PLAYER_SHIP_AEA_JUSTICE</unlockCustomShip>
    <choice hidden="false">
        <text>Accept them onboard.</text>
        <event>
            <text>The dark justicier joins the crew.</text>
            <crewMember amount="1" all_skills="1" class="aea_dark_justicier">The Dark Justicier</crewMember>
        </event>
    </choice>
    <choice hidden="true">
        <text>Decline.</text>
        <event>
            <text>They once again teleport away, where they went you're unsure.</text>
        </event>
    </choice>
</event> 


<event name="AEA_FLEET_WRECK_ELITE">
	<revisitEvent>AEA_FLEET_WRECK_ELITE</revisitEvent>
    <customFleet right="true" firing="false" autoDarkening="true">CUSTOM_FLEET_AEA_REBEL_WRECK</customFleet>
	<customFleet right="false" firing="true" autoDarkening="false">CUSTOM_FLEET_REBEL</customFleet>
	<text>The remnants of a destroyed rebel fleet lie here, however you have no time to search it as reinforcements have arrived!</text>
	<variable name="loc_dives" op="add" val="1" />
	<ship load="SHIP_REBEL_FLEET" hostile="true" />
	<fleet>rebel</fleet>
	<environment type="PDS" target="player" />
	<noASBPlanet />
	<choice hidden="true">
		<text>Continue...</text>
		<event load="COMBAT_CHECK" />
	</choice>
	<choice hidden="true" req="engines" lvl="6">
		<text>(Adv. Engines) Try to escape the Elite.</text>
		<event load="FLEET_ESCAPE" />
	</choice>
	<choice hidden="true" req="LIST_CREW_JERRY">
		<text>(Jerry) "Hello!"</text>
		<event>
			<text load="TEXT_ENCOUNTER_REBEL_JERRY_HELLO" />
			<ship hostile="false" /> 
		</event>
	</choice>
</event>

</FTL>