<?xml version="1.0" encoding="UTF-8"?>

<!--Copyright (c) 2012 by Subset Games. All rights reserved.-->
<img x="-30" y="-72" w="340" h="355" />
<offsets>
	<floor x="170" y="177" />
	<cloak x="0" y="0" />
</offsets>
<weaponMounts>
	<mount x="218" y="65" rotate="false" mirror="false" gib="-1" slide="right" />
	<mount x="122" y="65" rotate="false" mirror="true" gib="-1" slide="left" />
	<mount x="269" y="168" rotate="false" mirror="false" gib="-1" slide="up" />
	<mount x="71" y="168" rotate="false" mirror="true" gib="-1" slide="up" />
	<mount x="321" y="213" rotate="false" mirror="false" gib="-1" slide="right" />
	<mount x="19" y="213" rotate="false" mirror="true" gib="-1" slide="left" />
</weaponMounts>
<explosion />

