<?xml version="1.0" encoding="UTF-8"?>

<!--Copyright (c) 2012 by Subset Games. All rights reserved.-->
<img x="-60" y="-39" w="454" h="428" />
<offsets>
	<floor x="54" y="33" />
	<cloak x="0" y="0" />
</offsets>
<weaponMounts>
	<mount x="412" y="304" rotate="true" mirror="false" gib="-1" slide="right" />
	<mount x="412" y="124" rotate="true" mirror="true" gib="-1" slide="right" />
	<mount x="349" y="398" rotate="true" mirror="false" gib="-1" slide="down" />
	<mount x="349" y="30" rotate="true" mirror="true" gib="-1" slide="up" />
</weaponMounts>
<explosion />

