<?xml version="1.0" encoding="UTF-8"?>

<!--Copyright (c) 2012 by Subset Games. All rights reserved.-->
<img x="-13" y="-34" w="201" h="278" />
<offsets>
	<floor x="100" y="139" />
	<cloak x="0" y="0" />
</offsets>
<weaponMounts>
	<mount x="156" y="54" rotate="false" mirror="false" gib="-1" slide="right" />
	<mount x="45" y="54" rotate="false" mirror="true" gib="-1" slide="left" />
	<mount x="190" y="110" rotate="false" mirror="false" gib="-1" slide="right" />
	<mount x="11" y="110" rotate="false" mirror="true" gib="-1" slide="left" />
</weaponMounts>
<explosion />

