<?xml version="1.0" encoding="UTF-8"?>

<!--Copyright (c) 2012 by Subset Games. All rights reserved.-->
<img x="-77" y="-37" w="364" h="424" />
<offsets>
	<floor x="72" y="31" />
	<cloak x="0" y="0" />
</offsets>
<weaponMounts>
	<mount x="301" y="274" rotate="true" mirror="true" gib="-1" slide="up" />
	<mount x="301" y="150" rotate="true" mirror="false" gib="-1" slide="down" />
	<mount x="243" y="396" rotate="true" mirror="false" gib="-1" slide="down" />
	<mount x="243" y="28" rotate="true" mirror="true" gib="-1" slide="up" />
	<mount x="328" y="369" rotate="true" mirror="false" gib="-1" slide="right" />
	<mount x="328" y="55" rotate="true" mirror="true" gib="-1" slide="right" />
</weaponMounts>
<explosion />

