<?xml version="1.0" encoding="UTF-8"?>

<!--Copyright (c) 2012 by Subset Games. All rights reserved.-->
<img x="-42" y="-47" w="300" h="282" />
<offsets>
	<floor x="0" y="0" />
	<cloak x="19" y="15" />
</offsets>
<weaponMounts>
	<mount x="32" y="70" rotate="false" mirror="true" gib="1" slide="left" />
	<mount x="226" y="70" rotate="false" mirror="false" gib="2" slide="right" />
	<mount x="135" y="32" rotate="false" mirror="false" gib="1" slide="up" />
	<mount x="268" y="160" rotate="false" mirror="false" gib="4" slide="right" />
</weaponMounts>
<explosion>
	<gib1>
		<velocity min="0.10" max="1.00" />
		<direction min="20" max="160" />
		<angular min="-1.00" max="1.00" />
		<x>0</x>
		<y>0</y>
	</gib1>
	<gib2>
		<velocity min="0.10" max="0.30" />
		<direction min="280" max="350" />
		<angular min="-1.00" max="1.00" />
		<x>74</x>
		<y>0</y>
	</gib2>
	<gib3>
		<velocity min="0.40" max="1.00" />
		<direction min="190" max="260" />
		<angular min="-0.40" max="1.00" />
		<x>11</x>
		<y>92</y>
	</gib3>
	<gib4>
		<velocity min="0.10" max="0.60" />
		<direction min="-40" max="40" />
		<angular min="-0.50" max="0.50" />
		<x>123</x>
		<y>104</y>
	</gib4>
</explosion>

