<?xml version="1.0" encoding="UTF-8"?>

<!--Copyright (c) 2012 by Subset Games. All rights reserved.-->
<img x="-23" y="-54" w="263" h="243" />
<offsets>
	<floor x="131" y="121" />
	<cloak x="-52" y="-35" />
</offsets>
<weaponMounts>
	<mount x="215" y="55" rotate="false" mirror="false" gib="-1" slide="up" />
	<mount x="4" y="66" rotate="false" mirror="true" gib="-1" slide="left" />
	<mount x="1" y="137" rotate="false" mirror="true" gib="-1" slide="left" />
</weaponMounts>
<explosion />

