<?xml version="1.0" encoding="UTF-8"?>

<!--Copyright (c) 2012 by Subset Games. All rights reserved.-->
<img x="-38" y="-5" w="299" h="249" />
<offsets>
	<floor x="149" y="124" />
	<cloak x="149" y="124" />
</offsets>
<weaponMounts>
	<mount x="27" y="31" rotate="false" mirror="true" gib="-1" slide="left" />
	<mount x="244" y="54" rotate="false" mirror="false" gib="-1" slide="right" />
	<mount x="281" y="151" rotate="false" mirror="false" gib="-1" slide="right" />
</weaponMounts>
<explosion />

