<?xml version="1.0" encoding="UTF-8"?>

<!--Copyright (c) 2012 by Subset Games. All rights reserved.-->
<img x="-116" y="-46" w="681" h="442" />
<offsets>
	<floor x="110" y="40" />
	<cloak x="0" y="0" />
</offsets>
<weaponMounts>
	<mount x="482" y="318" rotate="true" mirror="false" gib="-1" slide="down" />
	<mount x="482" y="124" rotate="true" mirror="true" gib="-1" slide="up" />
	<mount x="458" y="399" rotate="true" mirror="false" gib="-1" slide="right" />
	<mount x="458" y="43" rotate="true" mirror="true" gib="-1" slide="right" />
</weaponMounts>
<explosion />

