<?xml version="1.0" encoding="UTF-8"?>
<metadata>
	<title><![CDATA[ FTL: The Outer Expansion ]]></title>

	<threadUrl><![CDATA[https://ftlmultiverse.boards.net/thread/107/outer-expansion-sectors-lore-ships]]></threadUrl>

	<author><![CDATA[ Arc ]]></author>

	<version><![CDATA[ 6.0.7 ]]></version>

	<description>
<![CDATA[
A content focused addon that aims to bring new and *balanced* experiences to MV that fit in with the existing sectors and races.
Adds 49 ships, many new weapons, 6 new races, 11  new unique crew, 1 new hazard type, and 12 entirely new sectors. 

Adventure into the outer reaches of the galaxy and discover some of the more interesting races from across the multiverse.

Meet the Acidic Growth, a hivemind like space algae that has managed to build itself ships and mechs. Hide from them in the Acidic Nebula but beware of the clouds eating away at your ship.

Meet an Exiled faction of Engi Heretics, seperatists so appalling they've been beaten back by both engi and seperatists alike. These vile engi have mastered control of their own nanobots and are able to use them to resurrect the dead to fight for them.

Meet the Gi, a bird like race who have developed some powerful drones.

Meet the Cult of the Bud A group of vampweeds who worship a giant space flower and draw upon it's power to perform various magical tasks.

Meet the Slug and Shell Anarchists, a combined resistance against both the Kleptocracy and Geniocracy

Finally discover the technology of a long lost race, but be careful you might just get caught up in more than you expected.
Music by Lizzard
]]>
	</description>

</metadata>
